fide_id,birth_year,sex
403903,1976,M
2004348,1953,M
10800018,,M
10800026,1953,M
10800034,1964,M
10800042,1955,M
10800050,1997,M
10800069,1994,M
10800077,1994,F
10800085,,M
10800093,,M
10800107,,M
10800115,1966,M
10800123,,M
10800131,,M
10800140,,F
10800158,,M
10800166,1977,M
10800174,1969,M
10800182,,M
10800190,1964,M
10800204,,M
10800212,1990,F
10800220,1991,F
10800239,1995,M
10800247,1982,F
10800255,1978,M
10800263,1981,M
10800271,1994,M
10800280,1999,F
10800298,1995,F
10800301,1997,F
10800310,1982,F
10800328,1977,M
10800336,1993,M
10800344,1995,F
10800352,1997,F
10800360,1971,M
10800379,1999,F
10800387,2000,F
10800395,1991,M
10800409,,M
10800417,1995,M
10800425,1983,F
10800433,1997,M
10800441,1982,M
10800450,1995,M
10800468,1995,M
10800476,,M
10800484,1999,M
10800492,,M
10800506,1985,F
10800514,1986,F
10800522,1984,F
10800530,1982,F
10800549,1966,M
10800557,,M
10800565,1993,F
10800573,1962,M
10800581,,M
10800590,,M
10800611,2000,M
10800620,1996,M
10800646,1993,M
10800654,1997,M
10800662,1994,M
10800670,2001,F
10800689,2001,M
10800697,1997,F
10800700,1996,M
10800719,1996,M
10800727,1964,M
10800735,1994,F
10800743,2002,M
10800751,2001,M
10800778,1982,F
10800786,1987,F
10800794,1987,F
10800808,1986,F
10800816,1982,M
10800824,1976,M
10800840,,M
10800867,1999,M
10800875,1998,F
10800883,2003,M
10800891,2001,M
10800905,,F
10800913,,F
10800921,,F
10800930,,M
10800948,,F
10800956,,M
10800964,1997,F
10800972,2002,M
10800980,,M
10800999,1981,M
10801006,1978,M
10801014,1995,M
10801022,2002,M
10801030,2003,M
10801049,2003,M
10801057,2003,F
10801065,,M
10801073,1998,M
10801081,,M
10801090,,M
10801103,1994,F
10801111,,M
10801120,,M
10801138,2003,F
10801146,1999,M
10801154,1996,M
10801162,1970,M
10801170,,M
10801189,,M
10801197,,M
10801200,2000,F
10801219,,M
10801227,,M
10801235,,M
10801243,,M
10801251,,M
10801260,2006,F
10801278,1996,F
10801286,2001,M
10801294,1997,F
10801308,2003,F
10801316,1998,M
10801324,1995,M
10801332,1995,M
10801340,2000,F
10801359,2004,F
10801367,2004,F
10801375,2004,M
10801383,2005,M
10801391,1969,M
10801405,1968,M
10801413,,M
10801421,,M
10801430,,M
10801448,2009,F
10801456,2005,F
10801464,2003,F
10801472,2002,F
10801480,2000,F
10801499,1996,F
10801502,1982,M
10801510,1983,M
10801529,2006,M
10801537,2005,M
10801545,2004,M
10801553,1999,M
10801561,1997,M
10801570,1996,M
10801596,1984,M
10801600,1989,M
10801618,,M
10801626,1983,M
10801634,1985,M
10801642,1980,M
10801650,1980,M
10801669,1974,M
10801677,1980,M
10801685,1971,M
10801693,1993,M
10801707,1980,M
10801715,1980,M
10801723,1980,M
10801731,1987,M
10801740,1980,M
10801758,1980,M
10801766,1970,M
10801774,1982,M
10801782,2000,F
10801790,1984,F
10801855,1990,M
10801863,1989,M
10801871,1991,M
10801880,1986,M
10801898,1968,M
10801901,1970,F
10801910,1941,F
10801928,1977,F
10801936,1998,F
10801944,1998,M
10801952,1996,M
10801960,2000,M
10801979,1974,M
10801987,1990,M
10801995,1988,F
10802002,1985,F
10802010,1985,M
10802029,1962,M
10802037,1991,M
10802045,1982,M
10802053,1972,M
10802061,1986,M
10802070,1986,M
10802088,1979,M
10802096,1987,M
10802100,1992,M
10802118,1992,M
10802126,1991,M
10802134,1992,M
10802142,1996,M
10802150,1993,M
10802169,1973,M
10802177,1991,M
10802185,1983,M
10802193,1971,M
10802207,1992,M
10802215,1991,M
10802231,1971,M
10802240,1989,M
10802258,1992,M
10802266,1992,F
10802274,1992,F
10802282,1992,F
10802290,1992,M
10802304,1980,M
10802312,1992,M
10802320,1974,M
10802339,1989,M
10802347,1980,M
10802355,1992,M
10802363,1981,M
10802371,1992,M
10802380,1980,M
10802398,1980,M
10802401,1981,M
10802410,1980,M
10802428,1993,M
10802436,1992,F
10802444,1971,M
10802452,1992,M
10802460,1980,M
10802479,1980,M
10802487,1987,M
10802495,2001,F
10802509,1990,M
10802517,1984,M
10802525,1986,M
10802533,1999,F
10802541,1988,M
10802550,1984,M
10802568,1984,M
10802576,1984,M
10802584,1990,M
10802592,1998,M
10802606,2006,F
10802614,2005,F
10802630,2001,F
10802649,1984,F
10802657,1991,F
10802665,1984,M
10802673,1984,M
10802681,2004,F
10802690,2001,F
10802703,1994,M
10802711,1994,M
10802720,1994,M
10802738,1990,M
10802746,2008,M
10802754,1986,M
10802762,1980,M
10802770,1990,M
10802789,1990,M
10802797,1962,M
10802800,1990,M
10802819,1990,M
10802827,1990,M
10802835,1990,M
10802843,1990,M
10802851,1960,M
10802860,1990,M
10802878,1990,M
10802886,1995,F
10802894,1990,F
10802908,1990,F
10802916,1984,F
10802924,1990,F
10802932,1990,F
10802940,1984,M
10802959,1990,M
10802967,1998,M
10802975,2004,M
10802983,1993,M
10802991,2002,M
10803009,1998,M
10803017,1984,M
10803025,1984,M
10803033,2002,M
10803041,2001,F
10803050,2004,M
10803068,2007,F
10803076,2003,F
10803084,2000,F
10803092,2004,F
10803106,1996,F
10803114,1990,F
10803122,1980,M
10803130,1980,M
10803149,1980,M
10803157,1980,F
10803165,1980,M
10803173,1994,M
10803181,1980,M
10803190,1995,M
10803203,1980,M
10803211,1980,F
10803220,1980,F
10803238,1980,M
10803246,1980,M
10803254,1980,M
10803262,1989,M
10803270,1980,M
10803289,1980,M
10803297,1980,M
10803300,1980,M
10803319,1980,M
10803327,1980,M
10803335,1980,M
10803343,1992,F
10803351,1983,M
10803360,1980,M
10803378,1980,F
10803386,1980,M
10803394,1980,M
10803408,1988,M
10803416,1997,M
10803424,1987,M
10803432,1980,M
10803440,1980,M
10803459,1980,M
10803467,1994,F
10803475,1980,M
10803483,1980,M
10803491,1987,M
10803505,1996,M
10803513,1980,M
10803530,1980,F
10803548,1980,M
10803556,2008,M
10803564,1980,M
10803572,1997,M
10803580,1964,M
10803599,1980,M
10803602,1980,M
10803610,1980,M
10803629,1980,M
10803637,1975,M
10803645,1980,M
10803653,1987,M
10803661,2007,M
10803670,1985,M
10803688,1972,M
10803696,1963,M
10803700,1980,M
10803718,1980,M
10803726,1980,M
10803734,1993,M
10803742,1980,M
10803750,1980,M
10803769,1980,M
10803777,1980,M
10803785,1980,M
10803793,1980,M
10803807,1980,M
10803815,1993,M
10803823,1980,M
10803831,1980,M
10803840,1980,M
10803858,1986,M
10803866,1980,M
10803874,1980,M
10803882,1985,M
10803890,1998,M
10803904,1998,M
10803912,1998,M
10803920,1998,F
10803939,1998,M
10803947,1998,M
10803955,1998,M
10803963,1998,M
10803971,1998,M
10803980,1998,F
10803998,1998,M
10804005,1998,M
10804013,1998,M
10804021,1998,M
10804030,1998,F
10804048,1998,M
10804056,1998,M
10804064,2002,M
10804072,1998,F
10804080,1998,M
10804099,1998,M
10804102,1998,M
10804110,1998,M
10804129,1998,M
10804137,1998,M
10804145,2006,F
10804153,1998,F
10804161,1998,M
10804170,1998,M
10804188,2002,M
10804196,1980,M
10804200,1980,M
10804218,1970,M
10804226,1980,M
10804234,1994,F
10804242,1998,M
10804250,1998,M
10804269,1998,M
10804277,1998,M
10804285,1998,M
10804293,1998,M
10804307,1998,M
10804315,1998,M
10804323,1980,M
10804331,1980,M
10804340,1980,F
10804358,1980,M
10804366,1980,F
10804374,1980,F
10804382,1980,M
10804390,1980,F
10804404,1980,M
10804412,1980,M
10804420,1980,M
10804439,1980,M
10804447,1980,M
10804455,1980,M
10804463,1980,M
10804471,1980,M
10804480,1980,M
10804498,1980,M
10804501,1980,M
10804510,1980,M
10804528,1980,M
10804536,1980,M
10804544,1988,M
10804552,1980,M
10804560,1980,M
10804579,1980,F
10804587,1980,F
10804595,1980,M
10804609,1980,M
10804617,1980,M
10804625,1980,M
10804633,1980,F
10804641,1980,F
10804650,1980,M
10804668,1980,M
10804676,1980,M
10804684,1980,M
10804692,1980,M
10804706,2002,M
10804714,1987,M
10804722,1980,M
10804730,1980,M
10804749,1980,F
10804757,1980,F
10804765,1980,M
10804773,1980,M
10804781,1980,M
10804790,1980,M
10804803,1980,M
10804811,1980,M
10804820,1980,M
10804838,1980,M
10804846,1980,M
10804854,1980,M
10804862,1980,M
10804870,1980,F
10804889,1980,M
10804897,1989,M
10804900,1983,M
10804919,1983,M
10804927,1980,F
10804935,1980,M
10804943,1980,M
10804951,1980,M
10804960,1980,M
10804978,1980,F
10804986,1980,M
10804994,1980,M
10805001,1980,F
10805010,1980,M
10805028,1980,M
10805036,1980,M
10805044,1980,F
10805052,1980,F
10805060,1980,F
10805079,1980,F
10805087,1980,M
10805095,2000,M
10805109,1990,M
10805117,1980,M
10805125,1980,M
10805133,1980,F
10805141,1980,M
10805150,1980,M
10805168,1980,M
10805176,1980,M
10805184,1980,M
10805192,1996,M
10805206,1980,F
10805214,1990,M
10805222,1980,F
10805230,1980,M
10805249,1980,M
10805257,1996,M
10805265,1980,M
10805273,1980,M
10805281,1980,M
10805290,1980,M
10805303,1980,M
10805311,1980,M
10805320,2002,M
10805338,1979,M
10805346,2006,M
10805354,2008,M
10805362,1980,M
10805370,1998,M
10805389,2007,M
10805397,2005,F
10805400,1998,M
10805419,1998,M
10805427,1999,F
10805435,1986,M
10805443,2001,F
10805451,2002,F
10805460,2004,F
10805478,1970,M
10805486,1962,M
10805494,1987,M
10805508,1988,M
10805516,1994,M
10805524,2004,F
10805532,2001,M
10805540,1970,M
10805559,1967,M
10805567,1998,F
10805575,1986,M
10805583,2000,F
10805591,2003,M
10805605,1998,M
10805613,1987,F
10805621,1996,M
10805630,1979,M
10805648,1979,M
10805656,1994,M
10805664,1984,M
10805672,1996,M
10805680,1961,M
10805699,1976,M
10805702,1996,F
10805710,1996,M
10805729,1998,M
10805737,2002,M
10805745,1998,M
10805753,1998,M
10805761,1998,M
10805770,2005,M
10805788,1998,M
10805796,2003,M
10805800,1992,M
10805818,1994,M
10805826,1972,M
10805834,1998,M
10805842,1984,M
10805850,1979,M
10805869,1990,M
10805877,1990,M
10805885,1991,M
10805893,2005,M
10805907,1987,M
10805915,1988,M
10805923,1992,M
10805931,1981,M
10805940,1979,M
10805958,1981,M
10805966,1992,M
10805974,1992,M
10805982,1992,M
10805990,1992,M
10806008,1992,M
10806016,1972,M
10806024,1992,M
10806032,1996,M
10806040,1999,F
10806059,1981,M
10806067,1981,M
10806075,1981,M
10806083,1989,M
10806091,1984,M
10806105,1990,M
10806113,1990,M
10806121,1990,M
10806130,1990,M
10806148,1990,M
10806156,1990,M
10806164,1995,M
10806172,1980,M
10806180,1990,M
10806199,1990,F
10806202,1990,M
10806210,1995,M
10806229,1990,M
10806237,1990,M
10806245,1993,M
10806261,1996,M
10806270,1990,M
10806288,1990,M
10806296,1990,M
10806300,1990,M
10806318,1996,M
10806326,1990,M
10806334,1980,M
10806342,1994,M
10806350,2013,M
10806369,2000,M
10806377,2003,M
10806385,2000,M
10806393,2000,F
10806407,2000,M
10806415,2000,M
10806423,2000,M
10806431,2000,M
10806440,2006,M
10806458,2000,M
10806466,2000,M
10806474,2005,M
10806482,2000,F
10806490,1999,M
10806504,2004,M
10806512,2000,M
10806520,2000,M
10806539,2000,M
10806547,2009,F
10806555,2000,F
10806563,2000,M
10806571,2000,M
10806580,2000,M
10806598,2007,F
10806601,2004,F
10806610,2000,M
10806628,2000,F
10806636,2000,M
10806644,2000,M
10806652,2000,F
10806660,2000,F
10806679,2005,F
10806687,2000,M
10806695,2000,M
10806709,2003,M
10806717,2000,M
10806725,2005,F
10806733,2000,M
10806741,2000,F
10806750,2000,F
10806768,2003,F
10806776,2006,F
10806784,1990,F
10806792,1990,F
10806806,1990,F
10806814,2000,M
10806822,1990,M
10806830,1999,M
10806849,1990,M
10806857,1990,M
10806865,1984,M
10806873,1997,M
10806881,1990,M
10806890,1990,M
10806903,1990,M
10806911,1990,M
10806920,1990,M
10806938,1990,M
10806946,1990,M
10806954,1990,F
10806962,1990,M
10806970,1990,M
10806989,1990,M
10806997,1998,M
10807004,1990,M
10807012,1990,M
10807020,1990,M
10807039,1990,M
10807047,1990,M
10807055,1993,F
10807063,1990,M
10807071,1990,M
10807080,1990,M
10807098,1990,M
10807101,1990,M
10807110,1967,M
10807128,1990,M
10807136,1990,M
10807144,1990,M
10807152,1990,M
10807160,1990,M
10807179,1990,M
10807187,1990,M
10807195,1990,M
10807209,1990,M
10807217,1990,M
10807225,1990,M
10807233,1990,M
10807241,1990,M
10807250,1990,M
10807268,1990,F
10807276,1990,M
10807284,1990,M
10807292,1990,M
10807306,1990,M
10807314,1990,M
10807322,1990,M
10807330,1990,M
10807349,1994,F
10807357,1983,M
10807365,1980,M
10807373,1990,M
10807381,1996,F
10807390,1990,M
10807403,1990,M
10807411,1990,M
10807420,1990,M
10807438,1993,M
10807446,1990,M
10807454,1990,M
10807462,1990,M
10807470,1980,M
10807489,1990,M
10807497,1990,M
10807500,1990,M
10807519,1996,M
10807527,1990,F
10807535,1990,M
10807543,1990,M
10807551,1990,F
10807560,1990,M
10807578,1990,M
10807586,1990,M
10807594,1990,M
10807608,1990,M
10807616,1990,M
10807624,1990,F
10807632,1990,F
10807640,1990,M
10807659,1990,M
10807667,1998,M
10807675,2001,F
10807683,1979,F
10807691,1972,F
10807705,1981,F
10807713,1976,F
10807721,2005,M
10807730,2006,M
10807748,1969,M
10807756,1970,F
10807764,1999,M
10807772,1980,M
10807780,1980,M
10807799,1992,M
10807802,1980,M
10807810,1980,M
10807829,1980,M
10807837,1980,M
10807845,1980,F
10807853,1992,F
10807861,1980,M
10807870,1980,F
10807888,1980,M
10807896,1980,M
10807900,1980,M
10807918,1980,M
10807926,1980,F
10807934,1980,M
10807942,1980,M
10807950,2000,F
10807969,2000,M
10807977,1998,M
10807985,2000,M
10807993,2002,M
10808000,2006,M
10808019,2003,M
10808027,1976,M
10808035,1975,M
10808043,1970,M
10808051,1989,F
10808060,1989,M
10808078,2000,M
10808086,1992,M
10808094,2005,M
10808108,1995,M
10808116,1990,M
10808124,1994,M
10808132,1995,M
10808140,1996,M
10808159,1995,M
10808167,1995,M
10808175,1993,M
10808183,2000,M
10808191,1989,M
10808205,2000,M
10808213,1991,M
10808221,1998,M
10808230,2000,M
10808248,1996,M
10808256,1990,M
10808264,1999,M
10808272,2005,F
10808280,1980,M
10808299,1980,M
10808302,1980,M
10808310,1980,F
10808329,1995,M
10808337,1980,M
10808345,2003,M
10808353,1998,M
10808361,1986,M
10808388,1996,M
10808396,1994,M
10808400,1996,F
10808418,1997,M
10808426,1996,M
10808434,1987,M
10808442,2002,F
10808450,1980,F
10808469,2006,F
10808477,1980,M
10808485,1980,M
10808493,1981,M
10808507,1980,M
10808515,1994,F
10808523,1997,M
10808531,1999,M
10808540,1996,M
10808558,1994,M
10808566,1981,M
10808574,1980,F
10808582,1991,F
10808590,1997,F
10808604,1992,F
10808612,1995,M
10808620,1962,M
10808639,1994,M
10808647,1995,M
10808655,1983,M
10808663,1982,M
10808671,1980,M
10808680,1986,M
10808698,1991,M
10808701,1988,M
10808710,1994,M
10808728,1990,F
10808736,1995,M
10808744,1972,F
10808752,1960,M
10808760,1971,F
10808779,1947,M
10808787,1975,M
10808795,1957,M
10808809,1973,M
10808817,1972,M
10808825,1975,M
10808833,1993,F
10808841,1997,M
10808850,1987,M
10808868,1997,M
10808876,1992,M
10808884,1981,M
10808892,1980,M
10808906,1994,M
10808914,1980,M
10808922,1960,M
10808930,1992,M
10808949,1970,M
10808957,1995,M
10808965,2016,F
10808973,1994,F
10808990,1990,F
10809007,1995,M
10809015,1987,M
10809023,1997,M
10809031,2006,M
10809040,1972,M
10809058,1990,M
10809066,1992,M
10809074,1990,F
10809082,1990,F
10809090,1996,F
10809104,1990,M
10809112,1994,M
10809120,1986,M
10809139,1994,M
10809147,1994,M
10809155,1994,M
10809163,1998,M
10809171,1999,M
10809180,1994,M
10809198,1994,M
10809201,1994,F
10809210,1977,M
10809228,1954,M
10809236,1990,M
10809244,1986,M
10809252,2005,M
10809260,2007,F
10809279,2005,M
10809287,1998,F
10809295,1998,F
10809309,1999,F
10809317,2002,F
10809325,2008,F
10809333,2008,M
10809341,1999,F
10809350,1963,M
10809368,1991,M
10809376,1991,M
10809384,1991,M
10809392,1991,M
10809406,1991,M
10809414,1991,M
10809422,1991,M
10809430,1991,M
10809449,1991,M
10809457,1995,F
10809465,1991,F
10809473,1991,F
10809481,1991,F
10809490,1991,M
10809503,1991,M
10809511,1991,M
10809520,1991,M
10809538,1991,M
10809546,1997,M
10809554,1991,M
10809562,1991,M
10809570,1991,M
10809589,1991,M
10809597,1991,M
10809600,1991,M
10809619,1993,M
10809627,1991,M
10809635,1991,M
10809643,1991,M
10809651,1995,M
10809660,1995,M
10809678,1995,M
10809686,1995,M
10809694,2006,F
10809708,2006,M
10809716,2007,M
10809724,2003,M
10809732,2006,M
10809740,2008,M
10809759,1989,M
10809767,2007,F
10809775,2009,M
10809783,2007,M
10809791,2004,M
10809805,2008,M
10809813,2008,M
10809821,2006,M
10809830,2006,M
10809848,2008,M
10809856,2008,M
10809864,2010,F
10809872,2006,F
10809880,2005,M
10809899,2005,M
10809902,2004,M
10809910,2006,M
10809929,2006,M
10809937,2007,M
10809945,2006,M
10809953,2005,M
10809961,2006,M
10809970,2005,M
10809988,2010,F
10809996,2006,F
10810005,2006,M
10810013,2010,M
10810021,2008,M
10810030,2007,M
10810048,2005,M
10810056,2005,M
10810064,2004,M
10810072,2007,F
10810080,2008,F
10810099,2000,M
10810102,2007,M
10810110,2005,F
10810129,2005,M
10810137,2008,M
10810145,2006,M
10810153,2007,M
10810161,2009,F
10810170,2008,M
10810188,2005,M
10810196,2007,M
10810200,2005,M
10810218,2008,M
10810226,2006,M
10810234,2009,M
10810242,1996,M
10810250,2009,M
10810269,2005,F
10810277,2006,M
10810285,2007,M
10810293,2003,M
10810307,2005,M
10810315,2008,M
10810323,2010,F
10810331,2006,M
10810340,2007,M
10810358,2006,M
10810366,2004,M
10810374,2009,F
10810382,2006,M
10810390,2007,M
10810404,2007,M
10810412,2005,M
10810420,2003,F
10810439,2006,M
10810447,2007,F
10810455,1978,M
10810463,2009,M
10810471,2009,M
10810480,2010,F
10810498,2010,F
10810501,2008,M
10810510,2006,M
10810528,2007,F
10810536,2007,M
10810544,2010,M
10810552,2006,M
10810560,2005,M
10810579,2007,M
10810587,2006,F
10810595,2007,F
10810609,2006,F
10810617,2007,F
10810625,2006,M
10810633,2006,F
10810641,2006,M
10810650,2009,F
10810668,2007,F
10810676,1989,M
10810684,1993,M
10810692,2003,M
10810706,1983,M
10810714,1992,M
10810722,1978,M
10810730,1998,M
10810749,2005,M
10810757,1999,M
10810765,1997,M
10810773,2002,M
10810781,2002,M
10810790,2005,M
10810803,2005,M
10810811,1975,M
10810820,1997,M
10810838,2002,F
10810846,2001,F
10810854,2001,F
10810862,1978,M
10810870,2008,M
10810889,1996,M
10810897,1990,M
10810900,1992,M
10810919,1990,M
10810927,1990,M
10810935,1990,M
10810943,1990,M
10810951,1990,M
10810960,1997,F
10810978,1990,M
10810986,1990,M
10810994,1990,M
10811001,1990,F
10811010,1990,M
10811028,1990,M
10811036,1998,M
10811044,1994,F
10811052,1990,M
10811060,1993,M
10811079,1997,M
10811087,1996,M
10811095,1990,M
10811109,1990,M
10811117,1993,M
10811125,1991,M
10811133,1990,M
10811141,1990,M
10811150,1995,F
10811168,1990,M
10811176,1990,M
10811184,1990,M
10811192,1990,M
10811206,1995,M
10811214,1994,M
10811222,1990,F
10811230,1990,M
10811249,1992,M
10811257,1976,M
10811265,1996,F
10811273,1998,M
10811281,1985,M
10811290,2006,M
10811303,1997,F
10811311,1995,M
10811320,2001,M
10811338,2002,M
10811346,2001,M
10811354,2002,F
10811362,1992,M
10811370,2009,M
10811389,2006,M
10811397,1985,M
10811400,1999,M
10811419,1988,M
10811427,1995,M
10811435,1999,M
10811443,1999,M
10811451,1993,M
10811460,1976,M
10811478,1983,M
10811486,1975,M
10811494,1998,M
10811508,1998,M
10811516,1975,M
10811524,1961,M
10811532,1991,M
10811540,1986,M
10811559,1979,M
10811567,1969,F
10811575,2009,M
10811583,2009,M
10811591,2006,M
10811605,1985,M
10811613,1997,M
10811621,2006,M
10811630,1989,F
10811648,1990,M
10811656,2006,M
10811664,2006,M
10811672,1995,M
10811680,2006,M
10811699,1990,M
10811702,2002,M
10811710,2003,F
10811729,2004,M
10811737,2002,M
10811745,2004,M
10811753,2004,M
10811761,2004,M
10811770,2003,M
10811788,1994,M
10811796,1978,M
10811800,1998,M
10811818,1997,M
10811826,1994,M
10811834,2003,M
10811842,1997,M
10811850,2005,M
10811869,1994,M
10811877,1996,M
10811885,1999,M
10811893,1994,M
10811907,1996,M
10811915,1996,M
10811923,2006,M
10811931,1992,M
10811940,1999,M
10811958,1999,M
10811966,1996,M
10811974,2007,M
10811982,2007,F
10811990,2008,M
10812008,2008,M
10812016,2007,M
10812024,2006,M
10812032,2007,M
10812040,2007,M
10812059,2007,M
10812067,2007,M
10812075,2008,M
10812083,2008,F
10812091,2008,F
10812105,2008,M
10812113,2008,F
10812121,2008,M
10812130,2008,M
10812148,2000,M
10812156,2000,M
10812164,2001,M
10812172,2002,M
10812180,2001,M
10812199,2000,M
10812202,2001,M
10812210,2001,M
10812229,2000,M
10812237,2001,M
10812245,2000,M
10812253,2000,M
10812261,2004,M
10812270,2001,M
10812288,2000,M
10812296,2002,M
10812300,2002,M
10812318,2002,M
10812326,2001,M
10812334,2001,M
10812342,2002,M
10812350,2002,M
10812369,2001,M
10812377,2001,M
10812385,2002,F
10812393,2003,F
10812407,2004,F
10812415,2005,F
10812423,2010,M
10812431,1966,F
10812440,1990,M
10812458,1979,M
10812466,1995,M
10812474,1979,M
10812482,1987,M
10812490,1983,M
10812504,2001,M
10812512,2003,M
10812520,1997,M
10812539,1995,M
10812547,1974,M
10812555,1997,M
10812563,1988,M
10812571,1969,M
10812580,1994,M
10812598,2000,M
10812601,1990,M
10812610,2005,M
10812628,1997,M
10812636,1997,M
10812652,1994,M
10812660,1998,M
10812679,2010,F
10812687,1994,M
10812695,2000,M
10812709,1990,M
10812717,1971,M
10812725,2006,M
10812733,2005,M
10812741,2004,M
10812750,2003,M
10812768,2000,M
10812776,2001,M
10812784,2003,F
10812792,2004,F
10812806,2003,M
10812814,2005,M
10812822,2005,F
10812830,2006,F
10812849,2001,M
10812857,2001,M
10812865,2002,M
10812873,1999,M
10812881,2003,M
10812890,2006,M
10812903,2005,M
10812911,2005,M
10812920,2001,M
10812938,1995,F
10812946,1999,M
10812954,2001,M
10812962,2004,M
10812970,2007,F
10812989,2003,F
10812997,2006,F
10813004,2005,M
10813012,2008,F
10813020,2005,M
10813039,2008,M
10813047,2003,M
10813055,2006,F
10813063,2006,F
10813071,2005,M
10813080,2000,M
10813098,2004,M
10813101,2005,M
10813110,2005,M
10813128,2003,M
10813136,2000,M
10813144,1998,F
10813152,1994,M
10813160,2006,M
10813179,1998,F
10813187,1998,F
10813195,2002,M
10813209,1947,M
10813217,1980,M
10813225,1986,M
10813233,2000,F
10813241,2009,M
10813250,2010,M
10813268,2007,F
10813276,2008,M
10813284,2006,M
10813292,1999,M
10813306,2006,F
10813314,1995,M
10813322,1951,M
10813330,1998,F
10813349,1998,M
10813357,1998,M
10813365,1998,M
10813373,1994,M
10813381,1990,M
10813390,1998,M
10813403,1997,M
10813411,1991,M
10813420,1997,M
10813438,1994,M
10813446,1993,M
10813454,1996,M
10813462,1995,F
10813470,2005,F
10813489,2009,F
10813497,1996,F
10813500,1996,M
10813519,1998,M
10813527,2010,F
10813535,2013,M
10813543,1995,M
10813551,1967,M
10813560,1990,F
10813578,1990,M
10813586,1990,M
10813594,1990,M
10813608,1990,F
10813616,1990,M
10813624,1990,F
10813632,1990,M
10813640,1997,M
10813659,1990,M
10813667,1992,M
10813675,1990,M
10813683,1990,M
10813691,1990,F
10813705,1990,F
10813713,1990,F
10813721,1995,F
10813730,1990,M
10813748,1990,M
10813756,2000,M
10813764,1990,M
10813772,2010,M
10813780,1990,M
10813799,1990,M
10813802,1990,M
10813810,1990,M
10813829,1990,F
10813837,1990,F
10813845,1990,F
10813853,2010,F
10813861,2009,F
10813870,2010,M
10813888,2010,M
10813896,2011,F
10813900,2011,F
10813918,2012,F
10813926,2010,M
10813934,2011,M
10813942,2011,M
10813950,2012,F
10813969,2009,M
10813977,2009,F
10813985,2009,F
10813993,2009,M
10814000,2007,M
10814019,2004,M
10814027,2009,F
10814035,2009,M
10814043,2009,M
10814051,2009,M
10814060,2009,M
10814078,2009,M
10814086,2008,F
10814094,2008,M
10814108,2008,M
10814116,2008,F
10814124,2009,M
10814132,2008,M
10814140,2007,M
10814159,2006,F
10814167,2006,M
10814175,2006,F
10814183,2006,M
10814191,2006,F
10814205,2006,F
10814213,2006,M
10814221,2006,M
10814230,2006,M
10814248,2005,F
10814256,2012,M
10814264,2005,M
10814272,2003,F
10814280,2006,M
10814299,2002,M
10814302,2002,M
10814310,2002,M
10814329,2007,M
10814337,2003,M
10814345,2004,M
10814353,2005,M
10814361,2004,M
10814370,2005,M
10814388,2004,M
10814396,2006,M
10814400,2006,M
10814418,2007,M
10814426,2006,M
10814434,2005,M
10814442,1997,F
10814450,2010,M
10814469,2010,F
10814477,2011,M
10814485,2012,M
10814493,2010,F
10814507,2010,F
10814515,2008,M
10814523,2009,M
10814531,2006,F
10814540,2007,F
10814558,2007,M
10814566,2006,F
10814574,2006,M
10814582,2007,M
10814590,2010,M
10814604,2009,F
10814612,2008,M
10814620,2005,F
10814639,2010,M
10814647,2005,M
10814655,2008,M
10814663,2008,F
10814671,2006,M
10814680,2004,M
10814698,2002,M
10814701,2005,M
10814710,2004,M
10814728,2004,M
10814736,2004,M
10814744,2001,M
10814752,2000,M
10814760,2001,M
10814779,2001,M
10814787,2000,M
10814795,2003,M
10814809,2000,M
10814817,2001,M
10814825,1997,M
10814833,1990,M
10814841,1989,M
10814850,1991,M
10814868,1989,M
10814876,1999,F
10814884,1999,M
10814892,1991,M
10814906,1990,M
10814914,1990,F
10814922,1999,F
10814930,1990,F
10814949,2000,F
10814957,1998,F
10814965,2000,F
10814973,1990,F
10814981,1998,F
10814990,1992,F
10815007,1992,F
10815015,1990,M
10815023,1990,M
10815031,1993,M
10815058,1996,M
10815066,1996,M
10815074,1997,M
10815082,2001,M
10815090,2000,M
10815104,2001,M
10815112,1969,M
10815120,1990,M
10815139,1990,M
10815147,1990,M
10815155,2001,M
10815163,1975,M
10815171,1998,M
10815180,2001,M
10815198,1990,M
10815201,1990,M
10815210,2008,M
10815228,2008,M
10815236,2008,M
10815244,2011,M
10815252,2011,M
10815260,2009,M
10815279,2012,M
10815287,2012,M
10815295,2009,F
10815309,2008,M
10815317,2010,M
10815325,2008,M
10815333,2008,M
10815341,2008,M
10815350,2006,F
10815368,2007,F
10815376,2006,F
10815384,2006,M
10815392,2005,M
10815406,2002,M
10815414,2002,M
10815422,2003,M
10815430,2002,M
10815449,2005,M
10815457,1990,M
10815465,1990,M
10815473,1990,M
10815481,1990,M
10815490,1990,M
10815503,1973,M
10815511,1990,M
10815520,1995,M
10815538,1990,M
10815546,1990,M
10815554,1990,M
10815562,1990,M
10815570,1990,M
10815589,1997,M
10815597,1990,M
10815600,1990,M
10815619,1990,M
10815627,1990,M
10815635,1983,M
10815643,1991,F
10815651,1990,M
10815660,1990,M
10815678,1999,M
10815686,2002,M
10815694,2000,M
10815708,2000,M
10815716,2001,F
10815724,2000,F
10815732,2007,M
10815740,1998,F
10815759,1999,F
10815767,1994,F
10815775,1998,F
10815783,2002,F
10815791,2000,F
10815805,2003,F
10815813,2002,F
10815821,2003,F
10815830,2002,F
10815848,1999,M
10815856,1997,M
10815864,1997,M
10815872,1990,F
10815880,1996,M
10815899,1990,M
10815902,1990,M
10815910,1990,M
10815929,1990,M
10815937,1990,F
10815945,1990,F
10815953,2010,M
10815961,1990,M
10815970,1990,M
10815988,1990,M
10815996,1980,M
10816003,2003,F
10816011,2002,F
10816020,1992,M
10816038,1998,F
10816046,1990,M
10816054,1990,M
10816062,1990,F
10816070,1990,M
10816089,1990,M
10816097,1990,M
10816100,1990,F
10816119,1990,M
10816127,1997,M
10816135,1990,F
10816143,1998,F
10816151,1990,F
10816160,1980,M
10816178,1990,M
10816186,1990,M
10816194,1990,F
10816208,1990,F
10816216,2002,F
10816224,1990,M
10816232,1990,M
10816240,1990,M
10816259,1990,M
10816267,2011,M
10816275,1990,M
10816283,1990,M
10816291,1990,M
10816305,1990,M
10816313,1990,M
10816321,1990,M
10816330,1990,M
10816348,1990,M
10816356,1990,M
10816364,1990,M
10816372,1998,F
10816380,1990,M
10816399,1985,M
10816402,1990,M
10816410,1990,M
10816429,1990,M
10816437,1990,M
10816445,1990,M
10816453,1990,M
10816461,1990,F
10816470,1990,F
10816488,1996,M
10816496,2000,M
10816500,2007,M
10816518,2007,M
10816526,2006,M
10816534,2005,F
10816542,2003,M
10816550,2001,M
10816569,2001,M
10816577,2001,M
10816585,2003,M
10816593,2002,M
10816607,2000,M
10816615,2003,M
10816623,2000,M
10816631,2006,M
10816640,2007,M
10816658,2006,M
10816666,2003,M
10816674,2007,F
10816682,2002,F
10816690,2005,M
10816704,2006,M
10816712,2004,M
10816720,2003,M
10816739,2012,M
10816747,2005,F
10816755,2005,M
10816763,2005,M
10816771,2008,M
10816780,2008,M
10816798,2008,M
10816801,2009,M
10816810,2000,F
10816828,2010,F
10816836,2010,M
10816844,2010,M
10816852,2011,M
10816860,2011,M
10816879,2012,M
10816887,2011,M
10816895,2012,M
10816909,2011,M
10816917,2012,M
10816925,2007,M
10816933,2006,M
10816941,2007,M
10816950,2007,M
10816968,2005,M
10816976,1990,M
10816984,1990,M
10816992,1990,M
10817000,2000,M
10817018,2000,M
10817026,2000,M
10817034,2000,M
10817042,1997,M
10817050,1997,F
10817069,1994,M
10817077,1998,M
10817085,1996,F
10817093,2000,M
10817107,1993,M
10817115,1997,F
10817123,1997,F
10817131,1996,F
10817140,1983,M
10817158,1984,M
10817166,1993,M
10817174,1988,M
10817182,1985,M
10817190,2010,M
10817204,2010,M
10817212,2010,F
10817220,2010,F
10817239,2010,F
10817247,2006,F
10817255,1986,M
10817263,1995,M
10817271,1965,M
10817280,1990,M
10817298,1990,M
10817301,1998,M
10817310,1994,M
10817328,2009,M
10817336,2008,M
10817344,2008,F
10817352,2002,M
10817360,2000,F
10817379,2002,F
10817387,2010,M
10817395,2010,M
10817409,2006,M
10817417,2002,M
10817425,2000,M
10817433,2000,F
10817441,2010,M
10817450,2008,M
10817468,2002,M
10817476,1971,M
10817484,1990,M
10817492,2001,M
10817506,1993,M
10817514,1990,M
10817522,1989,M
10817530,1990,M
10817549,1990,M
10817557,1990,M
10817565,1990,F
10817573,1990,F
10817581,1990,F
10817590,1990,F
10817603,1979,M
10817611,1998,M
10817620,2005,M
10817638,2008,M
10817646,1999,M
10817654,2005,M
10817662,2010,M
10817670,1990,M
10817689,1990,F
10817697,1990,M
10817700,1995,M
10817719,1990,F
10817727,1990,M
10817735,1990,M
10817743,1990,M
10817751,1990,F
10817760,1990,F
10817778,1990,M
10817786,1990,M
10817794,1990,M
10817808,1998,M
10817816,1990,M
10817824,1990,M
10817832,1990,M
10817840,1990,F
10817859,2008,F
10817867,1990,M
10817875,1990,M
10817883,1990,F
10817891,1990,F
10817905,2010,M
10817913,2000,M
10817921,1991,M
10817930,2003,M
10817948,1990,M
10817956,1990,M
10817964,1990,M
10817972,1990,M
10817980,1990,M
10817999,1990,M
10818006,1990,M
10818014,1990,M
10818022,1990,M
10818030,1990,M
10818049,1990,M
10818057,2006,M
10818065,2009,M
10818073,2008,F
10818081,2010,M
10818090,2010,M
10818103,2007,M
10818111,2009,F
10818120,2010,F
10818138,2006,M
10818146,2008,M
10818154,2001,M
10818162,1995,M
10818170,1970,M
10818189,1997,M
10818197,2007,M
10818200,2005,M
10818219,2008,M
10818227,2007,M
10818235,2010,M
10818243,2008,M
10818251,2010,M
10818260,2008,M
10818278,2010,M
10818286,2007,F
10818294,2011,M
10818308,2009,F
10818316,2007,M
10818324,2003,M
10818332,1989,F
10818340,1995,F
10818359,2008,F
10818367,1999,F
10818375,1990,F
10818383,1998,M
10818391,1990,M
10818405,1995,M
10818413,1990,M
10818421,1993,M
10818430,2009,M
10818448,2010,M
10818456,2007,M
10818464,2000,M
10818472,2000,M
10818480,1990,M
10818499,1990,M
10818502,1990,M
10818510,1975,M
10818529,1990,M
10818537,2000,M
10818553,2009,M
10818561,1976,M
10818570,1954,M
10818588,1992,M
10818596,1983,M
10818600,1994,M
10818618,2000,F
10818626,1997,F
10818634,1998,F
10818642,1987,F
10818650,1985,M
10818669,1982,M
10818677,2000,M
10818685,2000,M
10818693,1990,M
10818707,1997,M
10818715,1994,M
10818723,1991,M
10818731,2001,M
10818740,2013,M
10818758,2009,M
10818766,2009,M
10818774,1990,M
10818782,1990,M
10818790,2008,M
10818804,1986,M
10818812,2002,M
10818820,2011,M
10818839,1990,M
10818847,2011,F
10818855,2011,F
10818863,2010,F
10818871,2011,F
10818880,2009,F
10818898,2009,F
10818901,2008,F
10818910,2009,F
10818928,2007,F
10818936,2009,F
10818944,2008,F
10818952,2011,F
10818960,2010,F
10818979,2009,F
10818987,2007,F
10818995,1984,F
10819002,2000,F
10819010,1996,F
10819029,2001,F
10819037,2011,F
10819045,2012,F
10819053,2011,F
10819061,2011,F
10819070,2010,F
10819088,2009,F
10819096,2009,F
10819100,2008,F
10819118,2009,F
10819126,2010,F
10819134,2010,F
10819142,2009,F
10819150,2009,F
10819169,2007,F
10819177,2008,F
10819185,2007,F
10819193,2008,F
10819207,2005,F
10819215,2006,F
10819223,2007,F
10819231,2008,F
10819240,2009,F
10819258,2005,F
10819266,2006,F
10819274,2009,F
10819282,1999,F
10819290,2010,F
10819304,2006,F
10819312,1990,F
10819320,1990,F
10819339,1990,F
10819347,1990,F
10819355,1990,F
10819363,1990,F
10819371,1990,F
10819380,1992,M
10819398,1990,M
10819401,1990,F
10819410,1990,M
10819428,1990,M
10819436,1996,M
10819444,1960,M
10819452,1990,M
10819460,1990,M
10819479,1990,M
10819487,2001,M
10819495,1990,M
10819509,1990,M
10819517,1990,M
10819525,1990,M
10819533,1990,M
10819541,1990,M
10819550,1990,M
10819568,1990,M
10819576,1990,M
10819584,1990,M
10819592,1990,M
10819606,2010,M
10819614,1990,M
10819622,2002,M
10819630,2006,M
10819649,2008,M
10819657,1990,F
10819665,1990,M
10819673,1989,M
10819681,1990,M
10819690,1990,M
10819703,1990,M
10819711,1990,M
10819720,1990,M
10819738,1990,M
10819746,1990,M
10819754,1990,M
10819762,1990,M
10819770,1999,F
10819789,1990,M
10819797,1990,M
10819800,1990,M
10819819,1990,M
10819827,1990,M
10819835,1990,M
10819843,1990,F
10819851,1990,F
10819860,1990,M
10819878,1990,F
10819886,1990,M
10819894,1990,M
10819908,1990,M
10819916,1996,M
10819924,1990,M
10819932,1990,M
10819940,1990,M
10819959,1999,F
10819967,1990,F
10819975,1990,M
10819983,2003,M
10819991,2001,M
10820000,2001,M
10820019,2001,M
10820027,2001,M
10820035,2001,M
10820043,2001,M
10820051,2001,M
10820060,2001,M
10820078,2003,M
10820086,2001,M
10820094,2001,M
10820108,2001,M
10820116,2001,M
10820124,2001,M
10820132,2001,M
10820140,2001,M
10820159,2001,M
10820167,2001,M
10820175,1999,M
10820183,2001,M
10820191,2001,M
10820205,1998,M
10820213,2001,M
10820221,2001,M
10820230,1972,M
10820248,2001,M
10820256,2001,M
10820264,2001,M
10820272,2001,M
10820280,2001,M
10820299,2001,M
10820302,2001,M
10820310,2001,M
10820329,2016,M
10820337,2001,M
10820345,1990,M
10820353,1990,M
10820361,1990,M
10820370,1990,M
10820388,1990,M
10820396,1990,M
10820400,1990,M
10820418,1990,M
10820426,1990,F
10820434,1990,M
10820442,1990,M
10820450,1990,M
10820469,1990,M
10820477,1990,F
10820485,1990,M
10820493,1990,M
10820507,1983,M
10820515,1990,M
10820523,1990,M
10820531,1990,M
10820540,1990,M
10820558,1990,M
10820566,2002,M
10820574,1993,M
10820582,1990,F
10820590,1990,M
10820604,1990,M
10820612,1997,M
10820620,2015,F
10820639,1990,M
10820647,1990,M
10820655,1990,M
10820663,1990,M
10820671,1990,F
10820680,1990,M
10820698,1990,M
10820701,2000,M
10820710,1990,M
10820728,1990,M
10820736,2011,M
10820744,1990,M
10820752,1962,M
10820760,1990,M
10820779,2008,M
10820787,1990,M
10820795,2006,M
10820809,1990,F
10820817,1996,M
10820825,1990,M
10820833,1990,M
10820841,1991,M
10820850,1973,M
10820868,1990,M
10820876,1992,M
10820884,2005,M
10820892,2005,M
10820906,2005,M
10820914,2011,F
10820922,1996,M
10820930,1998,F
10820949,1994,M
10820957,1999,F
10820965,1998,M
10820973,1998,M
10820981,1997,M
10820990,1997,M
10821007,1999,F
10821015,2001,M
10821023,1998,M
10821031,1997,F
10821040,2000,M
10821058,1997,M
10821066,1998,M
10821074,1998,M
10821082,1999,M
10821090,1998,F
10821104,1997,M
10821112,1998,F
10821120,1999,F
10821139,1999,M
10821147,1998,M
10821155,1996,M
10821163,1997,M
10821171,1990,M
10821180,1997,M
10821198,2000,F
10821201,1998,M
10821210,2000,M
10821228,1998,M
10821236,1995,M
10821244,1993,M
10821252,1993,M
10821260,1996,M
10821279,1992,M
10821287,1998,M
10821295,1991,M
10821309,1990,M
10821317,1998,M
10821325,2001,M
10821333,1997,M
10821341,1998,M
10821350,1994,M
10821368,1998,M
10821376,1998,M
10821384,1998,M
10821392,1998,M
10821406,1989,F
10821414,1996,M
10821422,1998,M
10821430,2000,M
10821449,1990,M
10821457,1990,F
10821465,1990,M
10821473,2003,M
10821481,2007,M
10821490,1998,F
10821503,2004,M
10821511,2002,M
10821520,2002,M
10821538,2003,M
10821546,1989,F
10821554,2000,M
10821562,1990,M
10821570,1990,M
10821589,1990,M
10821597,1990,M
10821600,1990,M
10821619,1990,M
10821627,1990,M
10821635,1990,M
10821643,1990,M
10821651,1990,M
10821660,1992,M
10821678,1989,M
10821686,1990,M
10821694,1990,F
10821708,1990,M
10821716,1990,M
10821724,1990,M
10821732,1991,M
10821740,1990,M
10821759,1990,M
10821767,2002,F
10821775,2002,M
10821783,2003,F
10821791,2003,F
10821805,2005,M
10821813,2003,F
10821821,2003,F
10821830,2003,F
10821848,2003,F
10821856,2002,M
10821864,2010,M
10821872,2013,M
10821880,2012,M
10821899,2006,M
10821902,2005,M
10821910,2006,M
10821929,2004,M
10821937,2004,F
10821945,2004,F
10821953,2007,M
10821961,2006,M
10821970,2004,M
10821988,2005,F
10821996,2004,M
10822003,2007,M
10822011,2007,M
10822020,2006,M
10822038,2007,M
10822046,2005,M
10822054,2007,M
10822062,2007,M
10822070,2007,M
10822089,2008,M
10822097,2008,M
10822100,2008,M
10822119,2010,M
10822127,2008,M
10822135,2011,M
10822143,2010,M
10822151,2010,M
10822160,2010,M
10822178,2008,M
10822186,2013,M
10822194,2010,F
10822208,2008,M
10822216,2008,M
10822224,2004,M
10822232,2006,M
10822240,2004,M
10822259,2005,M
10822267,2008,M
10822275,1962,M
10822283,2000,M
10822291,2010,M
10822305,2004,M
10822313,2010,M
10822321,2010,M
10822330,1990,M
10822348,1990,M
10822356,1990,M
10822364,1979,M
10822372,2008,M
10822380,2008,M
10822399,2010,M
10822402,2010,M
10822410,2003,F
10822429,2000,M
10822437,2002,F
10822445,2005,M
10822453,2006,M
10822461,2004,M
10822470,2004,M
10822488,1998,M
10822496,1999,M
10822500,2001,M
10822518,2001,M
10822526,2003,F
10822534,2005,M
10822542,2003,M
10822550,2005,M
10822569,2006,M
10822577,2001,M
10822585,2001,M
10822593,2001,M
10822607,2003,M
10822615,2001,M
10822623,2001,F
10822631,2005,M
10822640,2005,M
10822658,2005,M
10822666,2005,M
10822674,2003,M
10822682,2001,M
10822690,2001,M
10822704,2005,F
10822712,2005,F
10822720,2003,F
10822739,2002,F
10822747,2006,F
10822755,2011,F
10822763,2007,M
10822771,2003,M
10822780,2008,M
10822798,2007,M
10822801,2010,M
10822810,1977,M
10822828,1986,M
10822836,1985,M
10822844,1998,M
10822852,1981,F
10822860,1973,M
10822879,1973,F
10822887,1977,F
10822895,1993,M
10822909,1987,M
10822917,1992,M
10822925,1978,M
10822933,1981,M
10822941,2000,M
10822950,1999,M
10822968,1998,M
10822976,1991,M
10822984,1997,M
10822992,1996,M
10823000,1998,M
10823018,1998,F
10823026,1998,M
10823034,1999,M
10823042,1998,F
10823050,1997,M
10823069,2000,F
10823077,1994,M
10823085,1995,M
10823093,1996,F
10823107,1975,M
10823115,1999,F
10823123,1998,F
10823131,1998,F
10823140,1999,M
10823158,2000,M
10823166,1999,M
10823174,1989,M
10823182,2008,M
10823190,2008,M
10823204,2008,M
10823212,2006,F
10823220,2007,F
10823239,2007,M
10823247,2008,M
10823255,2007,M
10823263,2008,M
10823271,2007,F
10823280,2007,M
10823298,2008,F
10823301,2007,M
10823310,2008,M
10823328,2007,M
10823336,2007,M
10823344,2007,M
10823352,1996,M
10823360,1999,M
10823379,1997,M
10823387,1999,M
10823395,1999,M
10823409,1998,M
10823417,1998,F
10823425,2001,M
10823433,1998,M
10823441,1998,M
10823450,1996,M
10823468,1998,M
10823476,1999,M
10823484,1985,M
10823492,1982,M
10823506,1992,M
10823514,1993,M
10823522,1980,M
10823530,1993,M
10823549,2001,M
10823557,1999,M
10823565,1987,M
10823573,1998,M
10823581,2001,M
10823590,1993,M
10823603,1992,M
10823611,2000,M
10823620,1990,M
10823638,1990,M
10823646,1990,M
10823654,1990,M
10823662,1981,M
10823670,2007,M
10823689,1995,M
10823697,1984,M
10823700,2012,M
10823719,2013,M
10823727,1989,M
10823735,2010,M
10823743,2005,M
10823751,2010,F
10823760,2003,F
10823778,2010,M
10823786,1994,M
10823794,1964,M
10823808,1993,M
10823816,1993,F
10823824,1992,F
10823832,1996,F
10823840,1997,F
10823859,2001,M
10823867,1996,M
10823875,2000,M
10823883,1993,M
10823891,2001,M
10823905,1994,M
10823913,1966,M
10823921,1996,M
10823930,1991,M
10823948,1982,M
10823956,1995,M
10823964,1993,M
10823972,2008,F
10823980,2009,F
10823999,2003,M
10824006,1982,M
10824014,2012,M
10824022,1973,M
10824030,1991,M
10824049,1990,M
10824057,1996,M
10824065,2006,M
10824073,2005,M
10824081,2005,M
10824090,2006,M
10824103,2005,M
10824111,2005,M
10824120,2012,M
10824138,1996,M
10824146,2006,M
10824154,2012,M
10824162,2007,M
10824170,2011,F
10824189,2006,F
10824197,2000,M
10824200,2014,M
10824219,2006,M
10824227,2009,F
10824235,2005,M
10824243,2005,M
10824251,1998,M
10824260,2003,M
10824278,2007,M
10824286,2004,M
10824294,2003,F
10824308,2011,F
10824316,2011,M
10824324,2007,M
10824332,2006,F
10824340,2005,M
10824359,2007,M
10824367,2003,F
10824375,2004,M
10824383,1996,M
10824391,1995,M
10824405,1985,M
10824413,1982,M
10824421,1982,M
10824430,1983,M
10824448,1999,F
10824456,2006,F
10824464,2006,F
10824472,2006,F
10824480,1992,M
10824499,2000,M
10824502,2001,M
10824510,2001,F
10824529,1998,F
10824537,2009,M
10824545,2009,M
10824553,2009,M
10824561,2010,F
10824570,2004,M
10824588,1991,M
10824596,2001,M
10824600,2005,M
10824618,2004,M
10824626,2005,M
10824634,2003,M
10824642,2003,M
10824650,2002,M
10824669,2004,M
10824677,2003,M
10824685,1998,F
10824693,2012,F
10824707,1992,M
10824715,2003,M
10824723,2004,M
10824731,1996,M
10824740,1987,F
10824758,1995,M
10824766,1999,F
10824774,1997,F
10824782,1997,F
10824790,1997,F
10824804,1999,F
10824812,2003,F
10824820,2002,F
10824839,2004,F
10824847,2001,M
10824855,2001,M
10824863,1999,M
10824871,2001,M
10824880,1999,M
10824898,1999,M
10824901,2000,M
10824910,2002,M
10824928,2002,M
10824936,2000,M
10824944,2003,M
10824952,1998,M
10824960,2000,M
10824979,2004,M
10824987,2006,F
10824995,2005,M
10825002,2003,M
10825010,2004,F
10825029,2005,F
10825037,2005,F
10825045,2006,M
10825053,2003,M
10825061,2004,M
10825070,2005,M
10825088,2011,F
10825096,2005,F
10825100,2005,M
10825118,2003,M
10825126,2003,M
10825134,2000,M
10825142,2000,M
10825150,2001,M
10825169,2000,M
10825177,2000,F
10825185,2000,F
10825193,2000,M
10825207,2004,F
10825215,1998,F
10825223,2000,F
10825231,2001,M
10825240,1999,M
10825258,2000,M
10825266,2001,M
10825274,2000,M
10825282,2001,F
10825290,2001,F
10825304,2000,F
10825312,2002,F
10825320,1999,M
10825339,2002,F
10825347,1999,M
10825355,2001,M
10825363,2001,F
10825371,1994,M
10825380,2003,M
10825398,2000,M
10825401,2003,M
10825410,2005,M
10825428,2006,M
10825436,2004,M
10825444,2006,F
10825452,2000,M
10825460,2009,F
10825479,2006,F
10825487,2007,F
10825495,2003,F
10825509,2008,F
10825517,2001,F
10825525,1976,F
10825533,1990,M
10825541,1998,M
10825550,1998,M
10825568,1998,M
10825576,1999,F
10825584,1996,M
10825592,2011,F
10825606,2011,F
10825614,2007,M
10825622,2000,F
10825630,1996,F
10825649,2000,M
10825657,1998,F
10825665,2011,M
10825673,2010,M
10825681,2001,M
10825690,1997,M
10825703,2000,M
10825711,2000,M
10825720,2000,M
10825738,1999,F
10825746,1998,M
10825754,1999,M
10825762,1998,M
10825770,1995,M
10825789,2002,M
10825797,1998,M
10825800,2000,M
10825819,1998,M
10825827,1997,M
10825835,2005,F
10825843,2005,F
10825851,2005,F
10825860,2004,F
10825878,2004,F
10825886,2006,F
10825894,2005,F
10825908,2004,F
10825916,2004,F
10825924,2005,F
10825932,2004,F
10825940,2004,F
10825959,2004,F
10825967,2005,F
10825975,2005,F
10825983,2005,F
10825991,2005,F
10826009,2005,F
10826017,2005,F
10826025,2005,F
10826033,2004,F
10826041,2004,F
10826050,2005,F
10826068,2004,F
10826076,2005,F
10826084,2002,F
10826092,2003,F
10826106,2003,F
10826114,2004,F
10826122,2004,F
10826130,2003,F
10826149,2004,F
10826157,2003,F
10826165,2003,F
10826173,2004,F
10826181,2004,F
10826190,2003,F
10826203,2003,F
10826211,2003,F
10826220,2003,F
10826238,2003,F
10826246,2004,F
10826254,2004,F
10826262,2003,F
10826270,2004,F
10826289,2004,F
10826297,2003,F
10826300,2003,F
10826319,2003,F
10826327,2003,F
10826335,2002,F
10826343,2003,F
10826351,2003,F
10826360,2004,F
10826378,2003,F
10826386,2002,F
10826394,2002,F
10826408,2004,F
10826416,2002,F
10826424,2006,F
10826432,2005,F
10826440,2005,F
10826459,2005,F
10826467,2005,F
10826475,2006,F
10826483,2005,F
10826491,2006,F
10826505,2005,F
10826513,2005,F
10826521,2005,F
10826530,2005,F
10826548,2005,F
10826556,1997,M
10826564,2002,M
10826572,1984,M
10826580,1991,F
10826599,2000,F
10826602,2000,M
10826610,2003,M
10826629,2004,M
10826637,2003,M
10826645,2004,M
10826653,1999,M
10826661,1988,M
10826670,2010,F
10826688,2008,M
10826696,2003,M
10826700,1997,F
10826718,2001,M
10826726,1995,M
10826734,2000,M
10826742,2003,M
10826750,1989,M
10826769,2008,F
10826777,1997,M
10826785,1998,M
10826793,2003,M
10826807,1998,M
10826815,2008,M
10826823,1998,M
10826831,1999,M
10826840,1999,M
10826858,1998,M
10826866,2007,F
10826874,2000,M
10826882,2001,M
10826890,1997,M
10826904,1988,M
10826912,2001,M
10826920,1998,M
10826939,1999,F
10826947,2001,M
10826955,2003,M
10826963,2002,F
10826971,1998,M
10826980,1999,M
10826998,2000,M
10827005,1998,M
10827013,1998,M
10827021,2000,M
10827030,2000,M
10827048,2000,M
10827056,2000,M
10827064,1996,M
10827072,1987,M
10827099,2007,M
10827102,2005,M
10827110,2012,F
10827129,2010,F
10827137,2010,F
10827145,2004,F
10827153,2002,F
10827161,2002,F
10827170,1996,M
10827188,1997,M
10827196,1997,M
10827200,2011,M
10827218,2003,M
10827226,1999,M
10827234,1995,F
10827242,2000,M
10827250,1998,M
10827269,1998,M
10827277,1999,M
10827285,1999,M
10827293,2002,F
10827307,2000,M
10827315,2000,F
10827323,1997,M
10827331,1999,F
10827340,2002,M
10827358,2000,M
10827366,2001,F
10827374,2001,M
10827382,2002,M
10827390,1999,M
10827404,2001,M
10827412,2000,M
10827420,2003,M
10827439,2002,F
10827447,2002,F
10827455,2001,F
10827463,2001,F
10827471,2000,F
10827480,1999,F
10827498,1997,F
10827501,2002,F
10827510,1999,F
10827528,1997,F
10827536,2000,F
10827544,2000,F
10827552,1998,M
10827560,2001,M
10827579,1997,M
10827587,2002,M
10827595,1989,M
10827609,2000,M
10827617,2003,M
10827625,1998,M
10827633,1997,M
10827641,2000,M
10827650,1996,M
10827668,2001,M
10827676,2003,M
10827684,1986,M
10827692,2001,M
10827706,1989,M
10827714,2002,M
10827722,1997,M
10827730,2010,M
10827749,1998,M
10827757,2002,M
10827765,1997,M
10827773,1997,M
10827781,1999,M
10827790,2000,M
10827803,1998,M
10827811,1998,M
10827820,2002,M
10827838,2000,M
10827846,2002,M
10827854,2001,M
10827862,2001,M
10827870,1999,M
10827889,2000,M
10827897,2001,M
10827900,2011,M
10827919,1999,M
10827927,1998,M
10827935,1994,M
10827943,2014,F
10827951,1981,M
10827960,1999,F
10827978,1998,F
10827986,2011,F
10827994,2007,F
10828001,2001,F
10828010,2002,F
10828028,1992,M
10828036,1997,M
10828044,1998,M
10828052,2000,M
10828060,2008,M
10828079,1998,M
10828087,1991,M
10828095,1994,M
10828109,1994,M
10828117,1997,M
10828125,2001,M
10828133,1992,M
10828141,2000,M
10828150,1996,M
10828168,1994,M
10828176,2005,M
10828184,2003,M
10828192,2006,M
10828206,1992,M
10828214,2011,M
10828222,2011,M
10828230,2010,M
10828249,2011,M
10828257,1998,M
10828265,2001,M
10828273,2008,M
10828281,2008,M
10828290,2008,M
10828303,2011,F
10828311,2010,F
10828320,2001,M
10828338,2001,M
10828346,1977,M
10828354,1977,M
10828362,1977,M
10828370,2002,M
10828389,2012,F
10828397,1990,M
10828400,2008,M
10828419,1996,M
10828427,2013,M
10828435,1994,M
10828443,2002,M
10828451,2010,M
10828460,2008,M
10828478,1995,M
10828486,2008,M
10828494,2004,M
10828508,1998,M
10828516,2011,M
10828524,2001,M
10828532,1999,M
10828540,1976,M
10828559,1993,M
10828567,2011,M
10828575,2000,M
10828583,1999,M
10828591,2008,F
10828605,1998,M
10828613,2001,M
10828621,2007,M
10828630,2002,M
10828648,2002,M
10828656,2002,F
10828664,2003,M
10828672,2008,M
10828680,1998,F
10828699,1998,F
10828702,2001,F
10828710,2003,M
10828729,1997,M
10828737,2002,F
10828745,2003,M
10828753,1998,M
10828761,2000,M
10828770,1999,M
10828788,2002,M
10828796,1997,M
10828800,1992,M
10828818,1995,F
10828826,2001,F
10828834,2000,F
10828842,2001,F
10828850,2002,F
10828869,2002,F
10828877,2001,F
10828885,2000,F
10828893,1997,M
10828907,2000,M
10828915,1987,M
10828923,2001,M
10828931,1995,M
10828940,2001,M
10828958,1998,M
10828966,1990,M
10828974,1996,M
10828982,1996,M
10828990,1999,M
10829008,2003,M
10829016,2001,M
10829024,1997,M
10829032,2007,M
10829040,2003,F
10829059,1997,F
10829067,2001,F
10829075,1997,F
10829083,1999,F
10829091,2001,F
10829105,1968,M
10829113,2000,M
10829121,1986,M
10829130,1996,M
10829148,2001,M
10829156,1987,M
10829164,2000,M
10829172,2002,M
10829180,1997,M
10829199,2000,M
10829202,2001,F
10829210,2001,F
10829229,2002,F
10829237,1987,M
10829245,1998,F
10829253,2001,F
10829261,2000,F
10829270,2000,F
10829288,1980,M
10829296,1991,M
10829300,1990,M
10829318,1995,M
10829326,2000,M
10829334,2000,M
10829342,1981,M
10829350,1995,M
10829377,1994,M
10829385,1982,M
10829393,1979,M
10829407,1998,M
10829415,1999,M
10829423,2002,M
10829431,2008,M
10829440,2008,M
10829458,1991,M
10829466,1998,M
10829474,2004,M
10829482,2001,M
10829490,2002,M
10829504,1996,M
10829512,2000,M
10829520,1996,M
10829539,2008,M
10829547,2008,M
10829555,2001,M
10829563,1998,M
10829571,2001,M
10829580,2000,M
10829598,1998,M
10829601,1997,M
10829610,1997,M
10829628,1986,M
10829636,1996,M
10829644,1996,M
10829652,1986,M
10829660,2000,M
10829679,2000,M
10829687,2000,M
10829695,1981,M
10829709,1996,M
10829717,1974,M
10829725,1999,M
10829733,2005,F
10829741,2004,F
10829750,2005,F
10829768,2004,M
10829776,2005,M
10829784,2005,M
10829792,2003,M
10829806,2000,M
10829814,2005,M
10829822,2005,M
10829830,2003,M
10829849,2009,M
10829857,2001,F
10829865,2015,M
10829873,2015,M
10829881,2015,M
10829890,2015,M
10829903,2015,M
10829911,2015,F
10829920,2014,M
10829938,2014,F
10829946,2014,F
10829954,2014,M
10829962,2014,F
10829970,2014,F
10829989,2014,F
10829997,2013,M
10830006,2013,M
10830014,2005,M
10830022,2012,M
10830030,2013,M
10830049,2013,F
10830057,2012,M
10830065,2012,M
10830073,2012,F
10830081,2012,M
10830090,2012,M
10830103,2012,M
10830111,2012,M
10830120,2014,M
10830138,2015,M
10830146,2013,F
10830154,2012,M
10830162,2013,M
10830170,2012,F
10830189,2012,M
10830197,2014,M
10830200,2013,M
10830219,1998,M
10830227,2007,F
10830235,2007,M
10830243,2012,F
10830251,2005,M
10830260,2004,M
10830278,2003,M
10830286,1994,M
10830294,2001,F
10830308,2001,M
10830316,2009,M
10830324,2005,M
10830332,2009,M
10830340,2005,M
10830359,2003,M
10830367,2005,M
10830375,2003,M
10830383,2004,F
10830391,2003,M
10830405,2003,M
10830413,2003,M
10830421,2004,F
10830430,2004,M
10830448,2004,M
10830456,2004,M
10830464,2004,M
10830472,2004,M
10830480,2004,M
10830499,2009,M
10830502,2003,M
10830510,2005,M
10830529,2004,M
10830537,2004,M
10830545,2004,M
10830553,2005,M
10830561,1998,M
10830570,1998,M
10830588,1997,M
10830596,1975,M
10830600,2002,F
10830618,2000,M
10830626,2000,M
10830634,1998,M
10830642,2006,M
10830650,1996,M
10830669,2002,M
10830677,2008,M
10830685,2003,M
10830693,1990,M
10830707,1995,M
10830715,2001,M
10830723,2002,M
10830731,1994,M
10830740,2004,F
10830758,2010,M
10830766,1985,M
10830774,2004,M
10830782,2002,M
10830790,2000,M
10830804,2001,M
10830812,2000,F
10830820,2002,F
10830839,1966,F
10830847,2005,F
10830855,1988,F
10830863,2003,M
10830871,2002,M
10830880,1998,M
10830898,1999,F
10830901,1982,M
10830910,1997,M
10830928,1998,M
10830936,1994,M
10830944,2003,M
10830952,1999,M
10830960,1989,M
10830979,1998,M
10830987,1978,M
10830995,1998,M
10831002,1995,M
10831010,2008,F
10831029,2015,M
10831037,2014,M
10831045,2014,F
10831053,2012,F
10831061,2012,M
10831070,2008,M
10831088,2007,M
10831096,2007,F
10831100,2005,M
10831118,2012,F
10831126,2015,M
10831134,2011,F
10831142,2011,M
10831150,2011,F
10831169,2006,F
10831177,2004,F
10831185,2006,M
10831193,2011,M
10831207,2000,M
10831215,2002,F
10831223,2000,M
10831231,1982,M
10831240,2004,M
10831258,2004,M
10831266,2001,M
10831274,2002,M
10831282,1998,M
10831290,1995,M
10831304,1999,M
10831312,2001,M
10831320,2012,M
10831339,1989,M
10831347,2006,M
10831355,1987,M
10831363,1997,M
10831371,1999,M
10831380,2000,F
10831398,2000,F
10831401,1994,M
10831410,1996,M
10831428,2001,M
10831436,1993,M
10831444,2008,M
10831452,1996,M
10831460,1986,M
10831479,1980,F
10831487,1993,M
10831495,1990,M
10831509,2012,F
10831517,2010,M
10831525,2009,M
10831533,2010,M
10831541,2015,M
10831550,2009,M
10831568,2011,F
10831576,2014,M
10831584,2014,M
10831592,2013,M
10831606,2017,F
10831614,2012,M
10831622,1998,M
10831630,2000,F
10831649,1982,M
10831657,1993,M
10831665,1999,M
10831673,2000,M
10831681,1993,M
10831690,2000,M
10831703,2003,M
10831711,2000,M
10831720,2009,F
10831738,1998,M
10831746,2007,F
10831754,1991,M
10831762,2001,M
10831770,1988,M
10831789,2002,M
10831797,1995,M
10831800,2000,M
10831819,2002,M
10831827,1998,M
10831835,1996,M
10831843,2004,M
10831851,1997,M
10831860,1996,F
10831878,2001,M
10831886,2001,F
10831894,1998,M
10831908,2001,M
10831916,2000,M
10831924,2013,F
10831932,1998,M
10831940,2001,M
10831959,2003,M
10831967,2002,M
10831975,2003,M
10831983,2002,M
10831991,2013,M
10832009,2002,F
10832017,2004,M
10832025,1997,M
10832033,1994,M
10832041,2002,F
10832050,1986,M
10832068,2001,M
10832076,2001,M
10832084,2006,M
10832092,2000,F
10832106,2001,F
10832114,2000,F
10832122,2001,F
10832130,2003,F
10832149,2001,F
10832157,1994,F
10832165,1999,M
10832173,1996,M
10832181,1983,M
10832190,2004,M
10832203,1990,M
10832211,1998,M
10832220,1996,M
10832238,1999,M
10832246,2001,M
10832254,2006,M
10832262,1986,M
10832270,2006,M
10832289,1994,M
10832297,1974,M
10832300,1996,M
10832319,2001,M
10832327,1997,M
10832335,1985,M
10832343,2003,M
10832351,2001,M
10832360,1998,M
10832378,2009,M
10832386,2012,M
10832394,1996,M
10832408,1990,M
10832416,1990,M
10832424,1999,M
10832432,1990,M
10832440,1985,M
10832459,2010,M
10832467,1998,M
10832475,1998,M
10832483,2012,M
10832491,1999,M
10832505,2007,M
10832513,2008,M
10832521,1982,M
10832530,2013,M
10832548,2012,M
10832556,2008,M
10832564,2003,M
10832572,2011,M
10832580,2010,F
10832599,1991,M
10832602,2011,M
10832610,1978,M
10832629,1971,M
10832637,2007,M
10832645,2003,F
10832653,2000,F
10832661,2003,F
10832670,2003,F
10832688,2000,M
10832696,1997,M
10832700,2001,M
10832718,2000,M
10832726,2012,F
10832734,2002,M
10832742,1999,F
10832750,2001,M
10832769,2001,F
10832777,2000,M
10832785,1999,M
10832793,2002,M
10832807,1997,M
10832815,2001,M
10832823,1997,M
10832831,2003,M
10832840,1998,M
10832858,2001,M
10832866,2013,M
10832874,2011,M
10832882,2013,M
10832890,2012,M
10832904,2012,F
10832912,2011,F
10832920,1995,M
10832939,2011,F
10832947,2001,M
10832955,1999,M
10832963,1982,M
10832971,1998,M
10832980,2001,M
10832998,2006,M
10833005,2001,M
10833013,1986,M
10833021,2003,M
10833030,2011,M
10833048,1995,M
10833056,1999,M
10833064,2004,M
10833072,2000,M
10833080,1998,M
10833099,1988,M
10833102,1994,F
10833110,1995,M
10833129,1997,M
10833137,2001,M
10833145,2002,F
10833153,1997,M
10833161,1990,M
10833170,1996,M
10833188,1997,M
10833196,2010,M
10833200,2005,M
10833218,2003,M
10833226,2002,M
10833234,1999,M
10833242,2000,M
10833250,2003,M
10833269,2005,M
10833277,1996,M
10833285,2007,M
10833293,2008,F
10833307,2011,F
10833315,1991,M
10833323,2014,F
10833331,2014,M
10833340,2016,M
10833358,2014,M
10833366,2009,M
10833374,2009,M
10833382,2012,M
10833390,2004,F
10833404,1998,M
10833412,2010,F
10833420,2002,F
10833439,1982,M
10833447,2003,F
10833455,2013,M
10833463,2004,M
10833471,1993,M
10833480,1999,F
10833498,1998,M
10833501,2002,M
10833510,1999,F
10833528,2001,M
10833536,2003,M
10833544,1999,M
10833552,2002,M
10833560,1999,M
10833579,1999,F
10833587,2000,F
10833595,1992,M
10833609,2001,F
10833617,1999,M
10833625,2001,M
10833633,2001,F
10833641,1998,M
10833650,2002,M
10833668,1993,M
10833676,2003,F
10833684,2002,F
10833692,2002,F
10833706,1999,M
10833714,1992,M
10833722,2001,M
10833730,1999,M
10833749,2000,F
10833757,1999,F
10833765,1997,M
10833773,1997,M
10833781,2000,F
10833790,2001,F
10833803,2002,M
10833811,1989,M
10833820,1993,M
10833838,1994,M
10833846,1988,M
10833854,1968,M
10833862,2001,M
10833870,2002,M
10833889,2002,F
10833897,2002,F
10833900,2002,F
10833919,2001,M
10833927,1999,F
10833935,1994,F
10833943,2007,M
10833951,2001,F
10833960,2001,F
10833978,2001,F
10833986,1995,M
10833994,1972,M
10834001,1989,M
10834010,1994,F
10834028,1989,M
10834036,2003,M
10834044,1986,M
10834052,1995,M
10834060,2004,M
10834079,1993,M
10834087,1982,F
10834095,1998,F
10834109,1977,M
10834117,1994,M
10834125,1970,M
10834133,1980,M
10834141,1983,M
10834150,1980,M
10834168,1987,M
10834176,1992,M
10834184,2002,M
10834192,1999,M
10834206,2000,M
10834214,1996,F
10834222,2012,M
10834230,2006,M
10834249,2014,M
10834257,2010,M
10834265,2010,M
10834273,2008,M
10834281,2010,M
10834290,2009,M
10834303,2000,M
10834311,1998,M
10834320,2000,M
10834338,1993,M
10834346,1981,M
10834354,2002,F
10834362,2001,M
10834370,2001,F
10834389,2004,F
10834397,1996,F
10834400,2000,M
10834419,2012,M
10834427,2003,M
10834435,2008,M
10834443,2009,F
10834451,2001,F
10834460,1995,M
10834478,1995,F
10834486,1996,M
10834494,1993,M
10834508,1999,F
10834516,1997,M
10834524,2012,M
10834532,1982,M
10834540,2012,F
10834559,2002,M
10834567,1999,M
10834575,1998,M
10834583,2014,F
10834591,2015,F
10834605,2001,F
10834613,2012,F
10834621,1983,M
10834630,2009,M
10834648,1998,F
10834656,2010,M
10834664,1993,M
10834672,2011,M
10834680,1997,F
10834699,2011,M
10834702,2011,M
10834710,2005,F
10834729,2013,F
10834737,1995,M
10834745,2011,M
10834753,1995,M
10834761,2002,M
10834770,2001,M
10834788,2000,F
10834796,2005,F
10834800,1996,M
10834818,2013,M
10834826,2012,M
10834834,2009,M
10834842,2013,F
10834850,2013,F
10834869,2015,M
10834877,2014,F
10834885,2018,M
10834893,1996,M
10834907,2012,M
10834915,1996,M
10834923,1999,F
10834931,2001,M
10834940,1998,M
10834958,1988,M
10834966,2001,M
10834974,1998,M
10834982,1998,M
10834990,2000,M
10835008,2002,F
10835016,1986,M
10835024,2001,M
10835032,2001,M
10835040,2001,M
10835059,2003,M
10835067,1989,M
10835075,2013,M
10835083,2004,M
10835091,1993,M
10835105,2014,M
10835113,2003,M
10835121,2015,F
10835130,2001,F
10835148,2003,F
10835156,1994,M
10835164,2003,M
10835172,2014,M
10835180,2012,M
10835199,2001,M
10835202,2006,F
10835210,1987,M
10835229,2001,M
10835237,1977,M
10835245,2000,F
10835253,1998,M
10835261,2001,M
10835270,2003,M
10835288,1980,M
10835296,1993,M
10835300,1993,M
10835318,2001,M
10835326,1980,M
10835334,2002,M
10835342,1999,M
10835350,2002,M
10835369,2001,M
10835377,2002,M
10835385,2001,M
10835393,1999,M
10835407,1998,M
10835415,2000,M
10835423,2001,M
10835431,2012,F
10835440,2009,F
10835458,2010,M
10835466,2007,M
10835474,1988,M
10835482,2014,M
10835490,2003,M
10835504,2012,M
10835512,2011,F
10835520,1995,M
10835539,2012,M
10835547,1994,M
10835555,2009,M
10835563,1983,M
10835571,2006,M
10835580,2012,M
10835598,2007,M
10835601,2012,F
10835610,2012,F
10835628,2014,F
10835636,2007,M
10835644,2004,M
10835652,2007,M
10835660,2004,M
10835679,1997,M
10835687,1996,F
10835695,1992,M
10835709,2008,M
10835717,1959,M
10835725,2007,M
10835733,2010,M
10835741,1988,M
10835750,1998,M
10835768,2008,F
10835776,1996,M
10835784,2000,M
10835792,2002,M
10835806,2014,F
10835814,1998,M
10835822,2013,M
10835830,2014,F
10835849,2013,M
10835857,2016,F
10835865,2018,M
10835873,1999,M
10835881,1994,M
10835890,2004,F
10835903,1977,M
10835911,2000,M
10835920,1997,M
10835938,1989,M
10835946,2010,M
10835954,1999,M
10835962,1992,M
10835970,1997,M
10835989,1994,M
10835997,1989,M
10836004,2004,M
10836012,2012,M
10836020,2000,F
10836039,2002,M
10836047,2000,M
10836055,2014,M
10836063,2011,M
10836071,2013,M
10836080,2008,F
10836098,2009,M
10836101,2011,M
10836110,2010,F
10836128,2011,F
10836136,2011,F
10836144,2014,M
10836152,2014,M
10836160,2017,M
10836179,2011,M
10836187,2012,F
10836195,2010,M
10836209,2014,M
10836217,2009,M
10836225,2010,M
10836233,2009,M
10836241,2012,M
10836250,2009,M
10836268,2012,M
10836276,2012,M
10836284,2008,M
10836292,2009,M
10836306,2011,M
10836314,2011,M
10836322,2013,M
10836330,2015,M
10836349,2014,M
10836357,2007,F
10836365,2008,F
10836373,2008,F
10836381,2008,M
10836390,2009,M
10836403,2010,M
10836411,2010,M
10836420,2010,F
10836438,2008,F
10836446,2010,M
10836454,2009,M
10836462,2009,M
10836470,2010,M
10836489,2008,F
10836497,2007,M
10836500,2011,M
10836519,2010,F
10836527,2015,M
10836535,2009,M
10836543,2015,F
10836551,2010,M
10836560,2015,F
10836578,2010,M
10836586,2012,M
10836594,2012,M
10836608,2015,M
10836616,2013,M
10836624,2014,F
10836632,2008,M
10836640,2016,F
10836659,2015,M
10836667,2012,F
10836675,2011,M
10836683,2015,M
10836691,2009,M
10836705,2014,F
10836713,2012,M
10836721,2015,M
10836730,2014,F
10836748,2010,M
10836756,2011,M
10836764,1989,M
10836772,1992,M
10836780,2001,M
10836799,2003,M
10836802,2008,M
10836810,1994,M
10836829,2014,F
10836837,2005,M
10836845,2006,M
10836853,2012,M
10836861,2000,M
10836870,2007,M
10836888,2015,M
10836896,1996,M
10836900,1975,F
10836918,1983,M
10836926,2015,M
10836934,1975,M
10836942,1999,M
10836950,1970,M
10836969,1998,M
10836977,2002,F
10836985,2000,M
10836993,2003,F
10837000,2002,M
10837019,2015,F
10837027,2009,F
10837035,2012,M
10837043,2010,F
10837051,2002,F
10837060,2009,M
10837078,2015,M
10837086,2012,M
10837094,2008,M
10837108,2010,M
10837116,2011,M
10837124,2011,M
10837132,2007,M
10837140,2008,M
10837159,2004,M
10837167,2004,F
10837175,2002,M
10837183,2005,M
10837191,2002,M
10837205,2000,M
10837213,2006,M
10837221,2007,M
10837230,2000,M
10837248,2006,M
10837256,2007,M
10837264,2007,M
10837272,2004,M
10837280,2009,M
10837299,1994,M
10837302,2015,F
10837310,2006,M
10837329,2008,M
10837337,2005,M
10837345,2002,M
10837353,2004,M
10837361,1996,M
10837370,1993,M
10837388,1988,M
10837396,1992,M
10837400,1989,M
10837418,1990,M
10837426,1995,M
10837434,1997,M
10837442,2013,M
10837450,2015,F
10837469,2015,M
10837477,2017,F
10837485,2013,M
10837493,2006,M
10837507,2001,M
10837515,2003,M
10837523,1998,M
10837531,2000,M
10837540,1999,M
10837558,2001,M
10837566,2000,M
10837574,2002,M
10837582,2001,M
10837590,2011,F
10837604,2014,F
10837612,2010,M
10837620,2013,F
10837639,2013,M
10837647,1996,M
10837655,1993,F
10837663,1991,M
10837671,2000,M
10837680,2002,M
10837698,2004,M
10837701,2004,F
10837710,2004,M
10837728,2004,M
10837736,2003,M
10837752,1998,M
10837760,2006,M
10837779,2002,M
10837787,2014,M
10837795,2011,M
10837809,2008,M
10837817,2003,F
10837825,2004,F
10837833,2008,F
10837841,1999,F
10837850,2014,F
10837868,2011,M
10837876,2007,M
10837884,2000,M
10837892,1998,M
10837906,2000,M
10837914,2002,F
10837922,2000,F
10837930,2004,F
10837949,2002,F
10837957,1999,F
10837965,2000,F
10837973,1997,M
10837981,2000,M
10837990,2014,F
10838007,2012,M
10838015,2013,M
10838023,2016,M
10838031,2012,M
10838040,2014,F
10838058,2012,M
10838066,2011,M
10838074,2013,M
10838082,2012,M
10838090,2012,M
10838104,2014,M
10838112,2013,F
10838120,2007,M
10838139,2018,M
10838147,2017,M
10838155,2015,M
10838163,2015,F
10838171,1983,M
10838180,2002,M
10838198,1999,M
10838201,2001,M
10838210,2004,M
10838228,2011,F
10838236,2017,M
10838244,2004,M
10838252,2005,M
10838260,2013,F
10838279,2013,F
10838287,2010,M
10838295,2004,M
10838309,2015,M
10838317,2003,M
10838325,2016,M
10838333,2011,F
10838341,2013,M
10838350,2014,M
10838368,2007,M
10838376,2013,M
10838384,2014,M
10838392,2001,M
10838406,2012,F
10838414,2006,M
10838422,2017,M
10838430,2007,M
10838449,2012,M
10838457,2011,M
10838465,2012,F
10838473,2012,M
10838481,2012,F
10838490,2011,M
10838503,2013,M
10838511,2012,F
10838520,2012,M
10838538,2012,M
10838546,2012,M
10838554,2011,M
10838562,2011,M
10838570,2011,F
10838589,2011,M
10838597,2010,F
10838600,2010,M
10838619,2009,F
10838627,2010,M
10838635,2010,M
10838643,2009,F
10838651,2009,F
10838660,2013,M
10838678,2014,F
10838686,2014,M
10838694,2013,F
10838708,2013,F
10838716,2013,F
10838724,2013,F
10838732,2013,F
10838740,2014,F
10838759,2014,F
10838767,2014,M
10838775,2014,M
10838783,2013,F
10838791,2012,M
10838805,2012,M
10838813,2011,F
10838821,2011,M
10838830,2011,M
10838848,2011,M
10838856,2012,F
10838864,2012,F
10838872,2012,M
10838880,2012,F
10838899,2011,M
10838902,2011,M
10838910,2011,M
10838929,2011,M
10838937,2011,F
10838945,2004,M
10838953,2004,M
10838961,2005,M
10838970,2006,M
10838988,2006,F
10838996,2005,M
10839003,2005,M
10839011,2006,M
10839020,2006,M
10839038,2008,M
10839046,2007,M
10839054,2008,F
10839062,2010,F
10839070,2011,M
10839089,2010,M
10839097,2010,F
10839100,2012,M
10839119,2014,M
10839127,2013,M
10839135,2013,F
10839143,2013,F
10839151,2014,M
10839160,2013,M
10839178,2015,M
10839186,2015,M
10839194,2014,F
10839208,2015,F
10839216,2016,M
10839224,2016,M
10839232,2015,F
10839240,2014,F
10839259,2015,M
10839267,2008,F
10839275,2013,M
10839283,2012,M
10839291,2005,M
10839305,2001,F
10839313,1976,M
10839321,2004,M
10839330,2000,M
10839348,2001,M
10839356,2004,M
10839364,1999,M
10839372,1991,M
10839380,2007,M
10839399,2002,M
10839402,2005,M
10839410,2004,M
10839429,2009,F
10839437,1997,M
10839445,2010,M
10839453,2009,F
10839461,2002,M
10839470,2000,M
10839488,2008,M
10839496,2006,M
10839500,2002,M
10839518,2001,M
10839526,2004,F
10839534,2001,M
10839542,1995,M
10839550,2007,M
10839569,1999,M
10839577,1999,M
10839585,1990,M
10839593,1980,F
10839607,1994,M
10839615,2004,M
10839623,2001,M
10839631,2004,M
10839640,2004,M
10839658,2002,M
10839666,2001,M
10839674,2010,M
10839682,2002,M
10839690,2012,M
10839704,1994,M
10839712,1997,M
10839720,2009,M
10839739,2000,M
10839747,2015,M
10839755,1996,F
10839763,2009,F
10839771,2005,F
10839780,1998,F
10839798,2002,F
10839801,1959,F
10839810,2003,F
10839828,2010,F
10839836,2002,F
10839844,2001,F
10839852,2001,F
10839860,2007,F
10839879,1985,M
10839887,1998,M
10839895,2000,M
10839909,1997,M
10839917,1990,M
10839925,1991,M
10839933,2007,M
10839941,2009,M
10839950,2002,M
10839968,1996,M
10839976,2008,M
10839984,2005,M
10839992,1999,M
10840001,2002,M
10840010,1983,M
10840028,2014,M
10840036,1993,M
10840044,2000,M
10840052,1998,M
10840060,2000,M
10840079,2010,M
10840087,2010,M
10840095,2013,M
10840109,1999,M
10840117,2002,M
10840125,2002,M
10840133,1995,M
10840141,2010,M
10840150,1987,M
10840168,2008,M
10840176,2004,M
10840184,1966,M
10840192,1994,M
10840206,1995,M
10840214,2000,M
10840222,1998,M
10840230,1997,M
10840249,2005,M
10840257,1989,M
10840265,1990,M
10840273,1990,M
10840281,2003,M
10840290,1995,M
10840303,2005,M
10840311,2014,M
10840320,2018,F
10840338,2016,M
10840346,2011,F
10840354,2013,M
10840362,2012,F
10840370,1966,M
10840389,2002,M
10840397,1998,F
10840400,2001,F
10840419,2012,F
10840427,1997,M
10840435,1996,M
10840443,1990,M
10840451,1996,M
10840460,2002,M
10840478,1998,M
10840486,2009,M
10840494,1993,M
10840508,2003,M
10840516,2004,M
10840524,2002,M
10840532,1997,M
10840540,2005,M
10840559,2010,M
10840567,1996,M
10840575,2006,M
10840583,1986,M
10840591,1993,M
10840605,2011,M
10840613,2003,M
10840621,1988,M
10840630,2004,M
10840648,2001,M
10840656,1995,M
10840664,2013,M
10840672,1996,M
10840680,2000,M
10840699,1997,M
10840702,2003,M
10840710,2004,M
10840729,2004,M
10840737,2000,M
10840745,2009,M
10840753,2009,M
10840761,2001,M
10840770,1976,M
10840788,1976,M
10840796,1997,M
10840800,1997,M
10840818,2013,M
10840826,2008,M
10840834,2003,M
10840842,2006,M
10840850,2014,M
10840869,1999,M
10840877,1987,M
10840885,1995,M
10840893,1983,M
10840907,2001,M
10840915,2003,M
10840923,1998,M
10840931,2000,M
10840940,1999,M
10840958,2004,M
10840966,2005,M
10840974,2005,M
10840982,1993,M
10840990,2004,M
10841008,2004,M
10841016,2004,M
10841024,2000,M
10841032,1978,M
10841040,1993,M
10841059,1997,M
10841067,2004,M
10841075,2005,M
10841083,1997,M
10841091,2005,M
10841105,2004,M
10841113,1995,M
10841121,1998,F
10841130,1996,M
10841148,1994,M
10841156,2001,M
10841164,1988,M
10841172,1991,M
10841180,2003,M
10841199,1977,F
10841202,2008,M
10841210,1970,M
10841229,1976,M
10841237,2007,F
10841245,2008,F
10841253,2008,F
10841261,2005,F
10841270,2006,F
10841288,1999,F
10841296,1990,M
10841300,2002,M
10841318,2014,M
10841326,2001,M
10841334,2001,M
10841342,1995,M
10841350,2003,M
10841369,2004,M
10841377,1984,M
10841385,1997,M
10841393,2013,M
10841407,2013,F
10841415,2012,F
10841423,2012,M
10841431,2017,F
10841440,2017,F
10841458,2014,M
10841466,2011,M
10841474,1971,M
10841482,1996,M
10841490,1985,M
10841504,1995,M
10841512,1992,M
10841520,2004,M
10841539,2010,M
10841547,2001,M
10841555,2001,M
10841563,2004,M
10841571,2005,M
10841580,2003,F
10841598,1998,M
10841601,2005,M
10841610,2002,M
10841628,2006,M
10841636,2014,M
10841644,2007,M
10841652,2006,M
10841660,2008,M
10841679,2008,F
10841687,2000,M
10841695,2008,F
10841709,2007,F
10841717,2006,M
10841725,2012,M
10841733,2006,F
10841741,2005,M
10841750,2005,M
10841768,2006,M
10841776,2007,M
10841784,2015,F
10841792,2008,M
10841806,2007,M
10841814,2006,M
10841822,2007,M
10841830,2008,M
10841849,2007,M
10841857,2008,M
10841865,2008,M
10841873,2008,M
10841881,2007,M
10841890,1993,F
10841903,1972,F
10841911,2008,M
10841920,2007,M
10841938,2008,M
10841946,2008,M
10841954,2008,M
10841962,2008,M
10841970,2008,M
10841989,2007,M
10841997,2009,M
10842004,2008,M
10842012,2008,M
10842020,2009,M
10842039,2007,M
10842047,2009,M
10842055,2009,M
10842063,2009,M
10842071,2008,M
10842080,2014,M
10842098,2007,M
10842101,2008,M
10842110,2013,M
10842128,2008,M
10842136,2007,M
10842144,2008,M
10842152,2008,M
10842160,2005,F
10842179,2008,M
10842187,2008,M
10842195,2008,M
10842209,2008,M
10842217,2009,M
10842225,2009,M
10842233,2009,M
10842241,2008,M
10842250,2011,M
10842268,2011,F
10842276,2013,M
10842284,2017,M
10842292,1968,F
10842306,2008,M
10842314,2010,M
10842322,2000,M
10842330,2000,M
10842349,2003,F
10842357,2015,M
10842365,2003,F
10842373,2010,F
10842381,2010,M
10842390,2011,M
10842403,2002,M
10842411,2009,M
10842420,1995,M
10842438,2007,M
10842446,2004,M
10842454,2007,M
10842462,2007,M
10842470,2001,M
10842489,2003,M
10842497,1982,M
10842500,2006,M
10842519,2008,M
10842527,2008,M
10842535,1999,F
10842543,2000,M
10842551,2014,M
10842560,2013,F
10842578,2008,M
10842586,1981,M
10842594,2005,M
10842608,1997,M
10842616,2005,M
10842624,2005,F
10842632,2006,M
10842640,2014,M
10842659,2014,M
10842667,2008,M
10842675,1988,M
10842683,2012,M
10842691,2012,M
10842705,2015,M
10842713,1988,M
10842721,2012,F
10842730,2011,M
10842748,2017,M
10842756,2017,M
10842764,2013,M
10842772,1990,M
10842780,2016,F
10842799,2014,M
10842802,2016,M
10842810,2008,M
10842829,2014,M
10842837,2017,F
10842845,1981,M
10842853,2012,M
10842861,2016,F
10842870,2014,M
10842888,2016,M
10842896,2010,M
10842900,2012,M
10842918,2010,M
10842926,2015,F
10842934,2006,M
10842942,2001,M
10842950,2011,M
10842969,2000,F
10842977,2013,M
10842985,2012,M
10842993,2005,M
10843000,2010,M
10843019,2013,F
10843027,2010,F
10843035,2008,F
10843043,2015,F
10843051,2013,F
10843060,2015,F
10843078,2011,F
10843086,2012,M
10843094,2012,M
10843108,2012,M
10843116,2011,M
10843124,2009,M
10843132,2013,M
10843140,2014,M
10843159,2013,M
10843167,2012,M
10843175,2009,M
10843183,2013,M
10843191,2011,M
10843205,2015,M
10843213,2011,M
10843221,2012,M
10843230,2013,M
10843248,2013,M
10843256,2014,M
10843264,2000,M
10843272,2001,M
10843280,2003,M
10843299,1998,M
10843302,2002,M
10843310,1996,M
10843329,1995,M
10843337,2004,M
10843345,2003,M
10843353,2000,M
10843361,2003,M
10843370,2002,M
10843388,1996,F
10843396,1989,F
10843400,2001,M
10843418,1998,M
10843426,2001,M
10843434,2007,M
10843442,2013,M
10843450,1997,M
10843469,2005,M
10843477,2005,M
10843485,2005,M
10843493,2005,M
10843507,2005,F
10843515,2005,M
10843523,2005,F
10843531,2004,F
10843540,2004,F
10843558,2005,M
10843566,2005,M
10843574,2006,M
10843582,2005,M
10843590,2011,F
10843604,2001,M
10843612,2004,M
10843620,1996,M
10843639,1996,M
10843647,2010,M
10843655,2011,M
10843663,2014,M
10843671,2010,F
10843680,1996,M
10843698,1976,M
10843701,1984,M
10843710,1969,M
10843728,1994,M
10843736,2000,M
10843744,2007,M
10843752,2012,M
10843760,2012,M
10843779,2005,M
10843787,2008,F
10843795,2012,M
10843809,2008,M
10843817,2008,M
10843825,2003,M
10843833,2000,F
10843841,2015,M
10843850,1998,M
10843868,2001,M
10843876,1999,M
10843884,1995,M
10843892,2002,M
10843906,1996,M
10843914,2002,M
10843922,2003,F
10843930,2006,F
10843949,2003,M
10843957,2003,M
10843965,2007,M
10843973,2003,F
10843981,2011,F
10843990,2013,M
10844007,2008,F
10844015,1990,M
10844023,1997,F
10844031,1999,M
10844040,2006,F
10844058,2013,M
10844066,1995,M
10844074,2003,M
10844082,1984,M
10844090,2007,M
10844104,2005,M
10844112,1993,M
10844120,2007,M
10844139,2005,M
10844147,2006,M
10844155,2011,M
10844163,2001,F
10844171,2003,M
10844180,2005,F
10844198,2009,M
10844201,2013,M
10844210,2016,F
10844228,2006,F
10844236,2006,F
10844244,2008,F
10844252,2006,F
10844260,2007,F
10844279,2006,M
10844287,1992,M
10844295,1992,M
10844309,1983,M
10844317,1994,M
10844325,1987,M
10844333,1995,M
10844341,1987,M
10844350,2004,M
10844368,2004,M
10844376,2004,M
10844384,2000,M
10844392,2005,M
10844406,1997,M
10844414,2003,M
10844422,2015,M
10844430,2004,F
10844449,2005,M
10844457,2013,F
10844465,1988,M
10844473,2006,M
10844481,2014,M
10844490,2001,M
10844503,2003,M
10844511,2002,M
10844520,2006,M
10844538,2009,M
10844546,1991,F
10844554,2003,F
10844562,1991,F
10844570,2013,F
10844589,2002,F
10844597,2012,F
10844600,2003,F
10844619,1988,F
10844627,2000,F
10844635,1989,F
10844643,2005,M
10844651,2009,M
10844660,2004,M
10844678,2009,M
10844686,2004,M
10844694,2002,M
10844708,2004,M
10844716,2008,M
10844724,2003,M
10844732,2010,M
10844740,1997,M
10844759,1988,M
10844767,1998,M
10844775,1997,M
10844783,1989,M
10844791,1982,M
10844805,1980,F
10844813,2015,M
10844821,1989,M
10844830,1983,M
10844848,1999,M
10844856,2004,M
10844864,2003,F
10844872,1997,F
10844880,1989,M
10844899,1992,F
10844902,1989,M
10844910,1990,F
10844929,2003,M
10844937,2002,M
10844945,2001,M
10844953,2003,M
10844961,1999,M
10844970,2013,F
10844988,2005,F
10844996,2008,M
10845003,2008,M
10845011,2006,F
10845020,2006,F
10845038,2005,M
10845046,2005,F
10845054,2012,M
10845062,1998,M
10845070,2013,M
10845089,2004,M
10845097,1996,F
10845100,2011,F
10845119,2009,F
10845127,2012,F
10845135,2012,F
10845143,2002,M
10845151,1999,M
10845160,1993,M
10845178,1980,M
10845186,2000,M
10845194,2000,M
10845208,2002,M
10845216,2003,M
10845224,2000,M
10845232,2011,M
10845240,2001,M
10845259,2012,M
10845267,2013,M
10845275,2014,M
10845283,2012,M
10845291,1989,M
10845305,2009,M
10845313,2010,M
10845321,1998,M
10845330,2003,M
10845348,1999,M
10845356,2000,M
10845364,2002,M
10845372,1990,M
10845380,1998,M
10845399,2002,F
10845402,1995,M
10845410,1975,M
10845429,2002,M
10845437,2014,F
10845445,2002,F
10845453,2014,M
10845461,2017,M
10845470,2016,M
10845488,2015,F
10845496,2016,M
10845500,2012,M
10845518,2013,M
10845526,2016,F
10845534,2011,M
10845542,2009,M
10845550,2014,F
10845569,2013,F
10845577,2010,F
10845585,2014,F
10845593,2008,F
10845607,2011,M
10845615,2002,F
10845623,2001,F
10845631,2013,F
10845640,2002,M
10845658,1999,F
10845666,1999,M
10845674,1993,M
10845682,2009,F
10845690,2015,F
10845704,2008,M
10845712,2010,M
10845720,2012,M
10845739,2012,M
10845747,2014,M
10845755,2009,F
10845763,2006,M
10845771,1998,M
10845780,2010,M
10845798,1987,F
10845801,2014,F
10845810,2017,M
10845828,2015,F
10845836,2009,F
10845844,2016,M
10845852,2007,M
10845860,2011,M
10845879,2009,M
10845887,2014,M
10845895,2009,M
10845909,2014,F
10845917,2010,M
10845925,1980,M
10845933,2016,F
10845941,2017,M
10845950,2013,M
10845968,2004,M
10845976,2012,M
10845984,2008,M
10845992,2010,M
10846000,2013,F
10846018,2008,M
10846026,2014,F
10846034,2010,M
10846042,2007,M
10846050,2012,M
10846069,2012,M
10846077,2013,M
10846085,2016,M
10846093,2008,M
10846107,2013,M
10846115,2007,M
10846123,2008,M
10846131,2011,M
10846140,2006,M
10846158,2015,F
10846166,2013,F
10846174,2016,F
10846182,2013,M
10846190,2015,M
10846204,2012,M
10846212,2016,F
10846220,2012,F
10846239,2010,M
10846247,2012,M
10846255,2013,M
10846263,2015,M
10846271,2006,M
10846280,2011,M
10846298,2011,F
10846301,2015,M
10846310,2016,M
10846328,2014,M
10846336,2014,M
10846344,2008,M
10846352,2010,M
10846360,2009,F
10846379,2008,F
10846387,2015,M
10846395,2010,F
10846409,2013,M
10846417,2016,F
10846425,2017,M
10846433,2007,M
10846441,2007,M
10846450,2005,M
10846468,2007,F
10846476,2017,M
10846484,2013,M
10846492,2010,M
10846506,2007,M
10846514,2014,M
10846522,2012,M
10846530,2016,F
10846549,2003,M
10846557,2013,F
10846565,2018,F
10846573,2013,M
10846581,2015,M
10846590,2016,M
10846603,2009,M
10846611,2014,M
10846620,2007,M
10846638,2014,F
10846646,2015,M
10846654,2015,M
10846662,2011,F
10846670,2014,M
10846689,2006,M
10846697,2006,F
10846700,2016,M
10846719,2014,F
10846727,2012,F
10846735,2007,M
10846743,2012,M
10846751,2013,F
10846760,2016,F
10846778,2013,M
10846786,2016,M
10846794,2007,M
10846808,2012,M
10846816,2015,F
10846824,2012,M
10846832,2011,M
10846840,2015,M
10846859,2013,F
10846867,2007,M
10846875,2005,M
10846883,2014,M
10846891,2005,M
10846905,2006,M
10846913,2005,M
10846921,2011,F
10846930,2005,M
10846948,2015,F
10846956,2010,M
10846964,2005,M
10846972,2012,F
10846980,2015,M
10846999,2015,F
10847006,2011,M
10847014,2010,F
10847022,2009,F
10847030,2007,F
10847049,2008,F
10847057,2012,F
10847065,2010,F
10847073,2016,M
10847081,2008,M
10847090,2002,M
10847103,2015,M
10847111,2010,M
10847120,2016,M
10847138,2014,F
10847146,2014,M
10847154,2012,M
10847162,2010,M
10847170,2008,M
10847189,2007,M
10847197,2008,M
10847200,2015,M
10847219,2003,M
10847227,2009,M
10847235,2000,F
10847243,2008,F
10847251,2007,F
10847260,2007,F
10847278,2003,F
10847286,2005,F
10847294,1995,F
10847308,2005,M
10847316,1991,M
10847324,1993,M
10847332,1997,M
10847340,1991,M
10847359,1987,M
10847367,1994,M
10847375,2001,M
10847383,1993,M
10847391,2003,M
10847405,2005,M
10847413,2016,M
10847421,2012,M
10847430,2011,F
10847448,2016,F
10847456,2007,F
10847464,1997,F
10847472,2018,M
10847480,2014,M
10847499,1998,M
10847502,2001,M
10847510,1995,M
10847529,2007,M
10847537,2005,F
10847545,1995,M
10847553,1999,M
10847561,1993,M
10847570,2007,M
10847588,2006,M
10847596,2001,M
10847600,1989,M
10847618,2013,M
10847626,2006,M
10847634,1998,M
10847642,1997,M
10847650,2013,M
10847669,2012,M
10847677,2012,M
10847685,2008,F
10847693,2011,M
10847707,2011,F
10847715,2004,F
10847723,2011,F
10847731,2013,M
10847740,2011,M
10847758,2001,F
10847766,2001,F
10847774,2007,M
10847782,1991,M
10847790,2007,M
10847804,1992,M
10847812,2004,M
10847820,1991,M
10847839,1992,M
10847847,1992,M
10847855,2001,M
10847863,2007,M
10847871,1985,M
10847880,2005,M
10847898,1990,M
10847901,2006,M
10847910,1997,M
10847928,2007,M
10847936,2004,M
10847944,1998,M
10847952,1993,M
10847960,2004,M
10847979,1993,M
10847987,2003,M
10847995,2007,M
10848002,2002,M
10848010,2001,M
10848029,2003,M
10848037,1999,M
10848045,1990,M
10848053,2005,M
10848061,2000,M
10848070,1971,M
10848088,2000,M
10848096,2002,M
10848100,2016,M
10848118,1997,M
10848126,2007,M
10848134,2008,M
10848142,2008,M
10848150,2007,M
10848169,2011,M
10848177,2014,M
10848185,2013,M
10848193,2018,M
10848207,2014,M
10848215,2012,F
10848223,2013,F
10848231,2015,F
10848240,2013,F
10848258,2013,F
10848266,2015,F
10848274,2014,F
10848282,2014,F
10848290,2014,F
10848304,2015,M
10848312,2015,M
10848320,2015,M
10848339,2014,M
10848347,2009,M
10848355,2014,F
10848363,2012,M
10848371,2013,M
10848380,2010,M
10848398,2014,M
10848401,2014,M
10848410,2013,M
10848428,2011,M
10848436,2017,M
10848444,2016,M
10848452,2014,M
10848460,1995,M
10848479,2001,F
10848487,2012,M
10848495,1982,M
10848509,2011,M
10848517,2009,M
10848525,1988,F
10848533,2013,M
10848541,1996,F
10848550,2009,F
10848568,2008,F
10848576,2012,F
10848584,2015,F
10848592,2012,F
10848606,2012,F
10848614,2015,F
10848622,2015,F
10848630,2014,F
10848649,2007,M
10848657,2006,M
10848665,2006,M
10848673,2009,M
10848681,2010,M
10848690,2015,M
10848703,2015,M
10848711,2012,M
10848720,2012,M
10848738,2013,M
10848746,2012,M
10848754,2013,M
10848762,2013,M
10848770,2012,M
10848789,2015,M
10848797,2015,M
10848800,2014,M
10848819,2015,M
10848827,2014,M
10848835,2014,M
10848843,2014,M
10848851,1994,M
10848860,2010,M
10848878,2011,M
10848886,2006,M
10848894,2010,M
10848908,2012,M
10848916,2012,M
10848924,2015,F
10848932,2015,M
10848940,2009,M
10848959,2013,F
10848967,2005,M
10848975,2006,M
10848983,2002,M
10848991,2005,M
10849009,2000,M
10849017,2004,F
10849025,2004,F
10849033,1970,M
10849041,2001,F
10849050,2002,M
10849068,2001,F
10849076,2004,F
10849084,2003,F
10849092,1998,F
10849106,2001,F
10849114,2001,M
10849122,2005,M
10849130,2004,M
10849149,2003,M
10849157,2002,M
10849165,2004,M
10849173,2002,M
10849181,2004,M
10849190,2000,M
10849203,2001,M
10849211,2002,M
10849220,2002,M
10849238,2003,M
10849246,2003,M
10849254,2001,M
10849262,2002,M
10849270,2012,M
10849289,2013,M
10849297,2011,M
10849300,2010,M
10849319,2016,M
10849327,2018,F
10849335,2016,F
10849343,2016,F
10849351,2017,F
10849360,2016,F
10849378,2016,F
10849386,2016,F
10849394,2016,F
10849408,2017,F
10849416,2018,F
10849424,2017,F
10849432,2018,M
10849440,2016,F
10849459,2016,F
10849467,2018,F
10849475,2018,F
10849483,2016,F
10849491,2016,F
10849505,2016,F
10849513,2016,F
10849521,2016,F
10849530,2017,F
10849548,2016,F
10849556,2018,F
10849564,2015,F
10849572,2016,F
10849580,2017,F
10849599,2018,F
10849602,2017,F
10849610,2017,F
10849629,2016,F
10849637,2017,F
10849645,2016,F
10849653,2017,F
10849661,2017,F
10849670,2016,F
10849688,2018,F
10849696,2018,F
10849700,2017,F
10849718,2017,F
10849726,2017,F
10849734,2016,F
10849742,2016,F
10849750,2016,F
10849769,2016,F
10849777,2017,F
10849785,2016,F
10849793,2016,F
10849807,2013,M
10849815,2012,F
10849823,2012,M
10849831,2014,F
10849840,2009,M
10849858,2011,M
10849866,2014,M
10849874,2013,M
10849882,2013,F
10849890,2016,M
10849904,2008,M
10849912,2012,M
10849920,2007,M
10849939,2011,M
10849947,2008,M
10849955,2017,F
10849963,2010,M
10849971,2012,M
10849980,2010,M
10849998,2006,M
10850007,2012,M
10850015,2012,M
10850023,2012,M
10850031,2013,M
10850040,2010,M
10850058,2010,M
10850066,2009,M
10850074,2014,M
10850082,2014,M
10850090,2014,M
10850104,2010,F
10850112,2015,F
10850120,2008,M
10850139,2010,F
10850147,2007,M
10850155,2009,M
10850163,2018,M
10850171,2013,M
10850180,2015,M
10850198,2011,F
10850201,2013,F
10850210,2011,M
10850228,2016,M
10850236,2008,M
10850244,2016,M
10850252,2013,M
10850260,2015,M
10850279,2015,F
10850287,2010,M
10850295,2011,M
10850309,2014,M
10850317,2014,F
10850325,2015,F
10850333,2008,M
10850341,2011,M
10850350,2010,M
10850368,2010,M
10850376,2013,M
10850384,2017,F
10850392,2016,F
10850406,2009,F
10850414,2012,M
10850422,2016,M
10850430,2012,F
10850449,2014,M
10850457,2017,M
10850465,2014,M
10850473,2014,M
10850481,2018,M
10850490,2015,M
10850503,2015,M
10850511,2008,M
10850520,2008,M
10850538,2014,M
10850546,2014,M
10850554,2012,M
10850562,2017,F
10850570,2006,M
10850589,2011,F
10850597,2010,F
10850600,2011,F
10850619,2014,F
10850627,2012,F
10850635,2007,F
10850643,2007,M
10850651,2009,F
10850660,2011,F
10850678,2014,F
10850686,2016,M
10850694,2008,M
10850708,2013,M
10850716,2016,M
10850724,2016,M
10850732,2013,F
10850740,2011,M
10850759,2010,M
10850767,2016,M
10850775,2014,M
10850783,2008,M
10850791,2008,F
10850805,2008,F
10850813,2014,F
10850821,2014,F
10850830,2014,F
10850848,2011,F
10850856,2011,F
10850864,2013,F
10850872,2012,F
10850880,2012,F
10850899,2008,F
10850902,2009,F
10850910,2007,F
10850929,2006,F
10850937,2014,F
10850945,2014,M
10850953,2008,M
10850961,2010,M
10850970,2014,M
10850988,2012,M
10850996,2013,M
10851003,2013,F
10851011,2008,M
10851020,2007,M
10851038,2012,F
10851046,2012,F
10851054,2014,M
10851062,2013,M
10851070,2012,M
10851089,2013,M
10851097,2014,F
10851100,2014,F
10851119,2014,F
10851127,2012,F
10851135,2013,F
10851143,2016,F
10851151,2014,F
10851160,2010,M
10851178,2008,F
10851186,2017,F
10851194,2014,F
10851208,2015,F
10851216,2013,F
10851224,2016,F
10851232,2016,F
10851240,2017,F
10851259,2008,F
10851267,2015,F
10851275,2011,F
10851283,2016,M
10851291,2015,F
10851305,2010,M
10851313,2012,F
10851321,2016,M
10851330,2014,F
10851348,2008,F
10851356,2009,F
10851364,2008,M
10851372,2008,M
10851380,2015,M
10851399,2015,M
10851402,2016,M
10851410,2013,F
10851429,2010,M
10851437,2007,M
10851445,2007,M
10851453,2008,M
10851461,2013,M
10851470,2013,M
10851488,2008,F
10851496,2012,F
10851500,2011,F
10851518,2015,F
10851526,2019,M
10851534,2016,M
10851542,2012,M
10851550,2010,M
10851569,2015,F
10851577,2011,F
10851585,2007,F
10851593,2014,M
10851607,2017,M
10851615,2016,M
10851623,2014,M
10851631,2008,M
10851640,2013,M
10851658,2012,M
10851666,2011,M
10851674,2007,M
10851682,2012,M
10851690,2009,F
10851704,2016,F
10851712,2008,M
10851720,2009,M
10851739,2009,M
10851747,2014,M
10851755,2007,M
10851763,2010,M
10851771,2010,F
10851780,2012,M
10851798,2008,M
10851801,2009,M
10851810,2010,M
10851828,2012,M
10851836,2011,F
10851844,2011,F
10851852,2011,M
10851860,2010,F
10851879,2011,F
10851887,2012,F
10851895,2012,F
10851909,2013,F
10851917,2009,F
10851925,2008,F
10851933,2008,F
10851941,2008,F
10851950,2009,F
10851968,2008,F
10851976,2006,F
10851984,2007,F
10851992,2019,M
10852000,2007,M
10852018,2007,M
10852026,2016,M
10852034,2008,F
10852042,2010,M
10852050,2006,M
10852069,2011,M
10852077,2010,M
10852085,2011,M
10852093,2010,M
10852107,2010,M
10852115,2011,M
10852123,2013,M
10852131,2013,M
10852140,2012,M
10852158,2009,M
10852166,2008,M
10852174,2008,M
10852182,2008,M
10852190,2004,M
10852204,2014,M
10852212,2014,M
10852220,2012,M
10852239,2007,M
10852247,2007,M
10852255,2006,M
10852263,2006,M
10852271,2006,M
10852280,2007,M
10852298,2007,M
10852301,2007,M
10852310,2011,M
10852328,2007,M
10852336,2015,M
10852344,2008,M
10852352,2015,M
10852360,2012,M
10852379,2014,F
10852387,2012,F
10852395,2012,F
10852409,2012,F
10852417,2015,F
10852425,2010,F
10852433,2008,F
10852441,2008,F
10852450,2016,F
10852468,2017,F
10852476,2016,F
10852484,2014,F
10852492,2014,F
10852506,2014,F
10852514,2012,F
10852522,2008,F
10852530,2007,M
10852549,2012,M
10852557,2015,M
10852565,2011,M
10852573,2006,M
10852581,2015,F
10852590,2012,F
10852603,2016,F
10852611,2017,M
10852620,2006,F
10852638,2014,F
10852646,2006,M
10852654,2013,F
10852662,2014,M
10852670,2015,F
10852689,2013,F
10852697,2016,F
10852700,2012,M
10852719,2012,M
10852727,2012,M
10852735,2014,M
10852743,2015,M
10852751,2014,M
10852760,2014,M
10852778,2014,M
10852786,2008,M
10852794,2018,M
10852808,2015,M
10852816,2015,M
10852824,2015,M
10852832,2016,M
10852840,2016,M
10852859,2018,M
10852867,2016,M
10852875,2016,M
10852883,2016,M
10852891,2016,M
10852905,2016,M
10852913,2016,M
10852921,2016,M
10852930,2014,M
10852948,2016,M
10852956,2016,M
10852964,2017,M
10852972,2016,M
10852980,2017,M
10852999,2018,M
10853006,2016,M
10853014,2016,M
10853022,2018,M
10853030,2016,M
10853049,2016,M
10853057,2016,M
10853065,2015,M
10853073,2016,M
10853081,2017,M
10853090,2016,M
10853103,2016,M
10853111,2018,M
10853120,2017,M
10853138,2016,M
10853146,2018,M
10853154,2015,M
10853162,2015,M
10853170,2017,M
10853189,2017,M
10853197,2016,M
10853200,2017,M
10853219,2017,M
10853227,2015,M
10853235,2017,M
10853243,2017,M
10853251,2016,M
10853260,2016,M
10853278,2016,M
10853286,2016,M
10853294,2018,M
10853308,2016,M
10853316,2016,M
10853324,2015,M
10853332,2016,M
10853340,2016,M
10853359,2017,M
10853367,2016,M
10853375,2016,M
10853383,2008,M
10853391,2010,M
10853405,2010,M
10853413,2016,M
10853421,2016,M
10853430,2007,M
10853448,2013,M
10853456,2012,F
10853464,2014,F
10853472,2016,F
10853480,2016,M
10853499,2009,M
10853502,2014,M
10853510,2015,M
10853529,2015,M
10853537,2014,M
10853545,2013,M
10853553,2013,M
10853561,2013,M
10853570,2012,M
10853588,2011,M
10853596,2017,F
10853600,2014,M
10853618,2011,M
10853626,2011,M
10853634,2015,M
10853642,2014,M
10853650,2013,M
10853669,2012,M
10853677,2013,M
10853685,2016,M
10853693,2016,M
10853707,2016,M
10853715,2017,M
10853723,2016,M
10853731,2010,M
10853740,2015,F
10853758,2009,F
10853766,2015,F
10853774,2011,F
10853782,2013,F
10853790,2014,F
10853804,2012,F
10853812,2013,F
10853820,2008,F
10853839,2009,F
10853847,2013,F
10853855,2006,F
10853863,2014,M
10853871,2015,M
10853880,2014,M
10853898,2011,M
10853901,2017,M
10853910,2012,M
10853928,2012,M
10853936,2013,M
10853944,2016,M
10853952,2017,M
10853960,2012,M
10853979,2012,M
10853987,2018,M
10853995,2016,M
10854002,2016,M
10854010,2017,M
10854029,2013,M
10854037,2015,M
10854045,2014,M
10854053,2016,M
10854061,2010,M
10854070,2011,M
10854088,2014,M
10854096,2009,M
10854100,2014,F
10854118,2011,F
10854126,2013,F
10854134,2008,F
10854142,2012,F
10854150,2007,M
10854169,2008,M
10854177,2013,M
10854185,2013,M
10854193,2012,M
10854207,2010,M
10854215,2017,M
10854223,2012,F
10854231,2012,F
10854240,2016,M
10854258,2016,M
10854266,2018,M
10854274,2016,M
10854282,2017,M
10854290,2017,M
10854304,2017,M
10854312,2016,M
10854320,2017,M
10854339,2017,M
10854347,2018,M
10854355,2016,M
10854363,2016,M
10854371,2016,M
10854380,2016,M
10854398,2016,M
10854401,2017,M
10854410,2016,M
10854428,2016,M
10854436,2015,M
10854444,2017,M
10854452,2016,M
10854460,2017,M
10854479,2016,M
10854487,2017,M
10854495,2017,M
10854509,2017,M
10854517,2018,M
10854525,2016,M
10854533,2010,F
10854541,2010,M
10854550,2014,M
10854568,2015,M
10854576,2016,M
10854584,2013,M
10854592,2014,M
10854606,2010,M
10854614,2013,M
10854622,2008,M
10854630,2010,M
10854649,2011,M
10854657,2011,M
10854665,2010,M
10854673,2011,M
10854681,2011,M
10854690,2011,M
10854703,2011,M
10854711,2012,M
10854720,2011,M
10854738,2012,M
10854746,2013,M
10854754,2014,M
10854762,2012,M
10854770,2007,M
10854789,2014,M
10854797,2012,F
10854800,2017,M
10854819,2008,M
10854827,2016,M
10854835,2014,F
10854843,2010,F
10854851,2008,F
10854860,2009,F
10854878,2006,F
10854886,2007,F
10854894,2016,F
10854908,2008,F
10854916,2012,F
10854924,2012,F
10854932,2007,F
10854940,2010,F
10854959,2016,F
10854967,2006,M
10854975,2007,M
10854983,2014,M
10854991,2015,M
10855009,2014,M
10855017,2013,M
10855025,2008,F
10855033,2011,F
10855041,2011,F
10855050,2014,F
10855068,2008,F
10855076,2015,F
10855084,2013,F
10855092,2013,F
10855106,2016,F
10855114,2016,F
10855122,2012,M
10855130,2014,M
10855149,2008,M
10855157,2008,M
10855165,2011,M
10855173,2017,M
10855181,2011,M
10855190,2012,M
10855203,2012,M
10855211,2014,M
10855220,2014,M
10855238,2016,M
10855246,2015,M
10855254,2015,M
10855262,2014,M
10855270,2014,M
10855289,2010,M
10855297,2014,M
10855300,2015,M
10855319,2015,M
10855327,2010,M
10855335,2014,M
10855343,2011,M
10855351,2014,M
10855360,2010,M
10855378,2014,M
10855386,2010,M
10855394,2015,M
10855408,2010,M
10855416,2014,M
10855424,2011,M
10855432,2011,M
10855440,2010,M
10855459,2010,M
10855467,2010,M
10855475,2010,M
10855483,2011,M
10855491,2009,M
10855505,2010,M
10855513,2010,M
10855521,2011,M
10855530,2011,M
10855548,2011,M
10855556,2011,M
10855564,2011,M
10855572,2011,M
10855580,2011,M
10855599,2010,M
10855602,2011,M
10855610,2011,M
10855629,2011,M
10855637,2011,F
10855645,2010,M
10855653,2012,M
10855661,2013,M
10855670,2012,M
10855688,2012,M
10855696,2011,M
10855700,2013,M
10855718,2013,M
10855726,2013,M
10855734,2013,M
10855742,2013,M
10855750,2013,M
10855769,2010,M
10855777,2012,M
10855785,2010,M
10855793,2013,M
10855807,2011,M
10855815,2012,M
10855823,2010,M
10855831,2010,M
10855840,2013,M
10855858,2011,M
10855866,2013,M
10855874,2010,M
10855882,2011,M
10855890,2011,M
10855904,2010,M
10855912,2010,M
10855920,2011,M
10855939,2011,M
10855947,2010,M
10855955,2011,M
10855963,2011,M
10855971,2011,M
10855980,2011,M
10855998,2011,M
10856005,2011,M
10856013,2010,M
10856021,2011,M
10856030,2009,M
10856048,2018,M
10856056,2011,M
10856064,2012,M
10856072,2010,M
10856080,2011,M
10856099,2017,M
10856102,2015,M
10856110,2009,M
10856129,2017,M
10856137,2010,M
10856145,2016,M
10856153,2011,M
10856161,2016,M
10856170,2017,M
10856188,2011,M
10856196,2011,M
10856200,2018,M
10856218,2016,M
10856226,2016,M
10856234,2016,M
10856242,2008,M
10856250,2006,M
10856269,2011,M
10856277,2015,M
10856285,2015,F
10856293,2017,F
10856307,2017,M
10856315,2013,M
10856323,2012,M
10856331,2013,M
10856340,2012,M
10856358,2015,M
10856366,2015,M
10856374,2014,M
10856382,2011,M
10856390,2016,F
10856404,2008,F
10856412,2008,F
10856420,2014,M
10856439,2014,F
10856447,2007,F
10856455,2010,M
10856463,2013,M
10856471,2008,F
10856480,2017,F
10856498,2010,M
10856501,2011,M
10856510,2011,M
10856528,2010,M
10856536,2014,M
10856544,2012,M
10856552,2012,M
10856560,2010,M
10856579,2006,M
10856587,2006,M
10856595,2013,M
10856609,2014,M
10856617,2014,M
10856625,2018,F
10856633,2014,F
10856641,2012,F
10856650,2008,F
10856668,2008,F
10856676,2013,M
10856684,2007,F
10856692,2014,M
10856706,2008,M
10856714,2017,M
10856722,2011,M
10856730,2011,M
10856749,2010,M
10856757,2010,M
10856765,2010,M
10856773,2011,M
10856781,2010,M
10856790,2008,M
10856803,2008,M
10856811,2008,M
10856820,2008,M
10856838,2014,M
10856846,2014,M
10856854,2014,M
10856862,2015,M
10856870,2014,M
10856889,2012,M
10856897,2010,M
10856900,2011,M
10856919,2010,M
10856927,2011,M
10856935,2010,M
10856943,2010,M
10856951,2011,M
10856960,2011,M
10856978,2011,M
10856986,2010,M
10856994,2011,M
10857001,2010,M
10857010,2011,M
10857028,2010,M
10857036,2010,M
10857044,2011,M
10857052,2011,M
10857060,2010,M
10857079,2011,M
10857087,2011,M
10857095,2010,M
10857109,2010,M
10857117,2010,M
10857125,2010,M
10857133,2010,M
10857141,2011,M
10857150,2010,M
10857168,2011,M
10857176,2010,M
10857184,2010,M
10857192,2010,M
10857206,2011,M
10857214,2011,M
10857222,2011,M
10857230,2010,M
10857249,2010,M
10857257,2010,M
10857265,2010,M
10857273,2011,M
10857281,2011,M
10857290,2010,M
10857303,2011,M
10857311,2010,M
10857320,2010,M
10857338,2010,M
10857346,2011,M
10857354,2010,M
10857362,2011,M
10857370,2011,M
10857389,2010,M
10857397,2009,M
10857400,2009,M
10857419,2011,M
10857427,2010,M
10857435,2011,M
10857443,2017,M
10857451,2016,M
10857460,2015,M
10857478,2016,M
10857486,2015,M
10857494,2014,M
10857508,2007,M
10857516,2014,M
10857524,2009,M
10857532,2011,M
10857540,2012,M
10857559,2018,M
10857567,2012,M
10857575,2013,M
10857583,2013,M
10857591,2010,M
10857605,2009,M
10857613,2009,M
10857621,2008,M
10857630,2014,M
10857648,2015,M
10857656,2015,M
10857664,2014,M
10857672,2015,M
10857680,2017,M
10857699,2016,M
10857702,2012,F
10857710,2013,F
10857729,2012,F
10857737,2012,F
10857745,2016,F
10857753,2014,M
10857761,2014,F
10857770,2014,M
10857788,2015,M
10857796,2015,M
10857800,2013,M
10857818,2012,M
10857826,2013,M
10857834,2015,F
10857842,2008,F
10857850,2009,F
10857869,2006,F
10857877,2006,F
10857885,2006,M
10857893,2010,F
10857907,2011,F
10857915,2014,F
10857923,2014,M
10857931,2010,M
10857940,2010,M
10857958,2015,M
10857966,2014,M
10857974,2013,M
10857982,2012,M
10857990,2016,M
10858008,2012,M
10858016,2012,M
10858024,2014,M
10858032,2015,M
10858040,2010,M
10858059,2011,M
10858067,2011,M
10858075,2010,M
10858083,2010,M
10858091,2014,M
10858105,2012,M
10858113,2012,M
10858121,2013,M
10858130,2013,M
10858148,2015,M
10858156,2015,M
10858164,2015,M
10858172,2014,M
10858180,2014,M
10858199,2015,M
10858202,2015,M
10858210,2014,M
10858229,2014,M
10858237,2015,M
10858245,2015,M
10858253,2014,M
10858261,2014,M
10858270,2015,M
10858288,2014,M
10858296,2015,M
10858300,2015,M
10858318,2014,M
10858326,2015,M
10858334,2014,M
10858342,2014,M
10858350,2014,M
10858369,2015,M
10858377,2014,M
10858385,2014,M
10858393,2014,M
10858407,2015,M
10858415,2013,M
10858423,2014,M
10858431,2015,M
10858440,2015,M
10858458,2014,M
10858466,2014,M
10858474,2013,M
10858482,2014,M
10858490,2014,M
10858504,2014,M
10858512,2013,M
10858520,2015,M
10858539,2014,M
10858547,2015,M
10858555,2014,M
10858563,2014,M
10858571,2015,M
10858580,2014,M
10858598,2014,M
10858601,2014,M
10858610,2014,M
10858628,2014,M
10858636,2015,M
10858644,2014,M
10858652,2014,M
10858660,2014,M
10858679,2014,M
10858687,2014,M
10858695,2014,M
10858709,2014,M
10858717,2017,M
10858725,2014,M
10858733,2014,M
10858741,2014,M
10858750,2015,M
10858768,2013,M
10858776,2014,M
10858784,2014,M
10858792,2014,M
10858806,2015,M
10858814,2015,M
10858822,2015,M
10858830,2014,M
10858849,2014,M
10858857,2014,M
10858865,2013,M
10858873,2014,M
10858881,2014,M
10858890,2015,M
10858903,2015,M
10858911,2014,M
10858920,2015,M
10858938,2014,M
10858946,2015,M
10858954,2014,M
10858962,2015,M
10858970,2014,M
10858989,2015,M
10858997,2014,M
10859004,2014,M
10859012,2017,M
10859020,2014,M
10859039,2014,M
10859047,2014,M
10859055,2014,M
10859063,2016,M
10859071,2014,M
10859080,2014,M
10859098,2015,M
10859101,2015,M
10859110,2014,M
10859128,2015,M
10859136,2015,M
10859144,2014,M
10859152,2015,M
10859160,2015,M
10859179,2014,M
10859187,2015,M
10859195,2014,M
10859209,2014,M
10859217,2014,M
10859225,2015,M
10859233,2015,M
10859241,2015,M
10859250,2014,M
10859268,2014,M
10859276,2014,M
10859284,2014,M
10859292,2014,M
10859306,2014,M
10859314,2014,M
10859322,2015,M
10859330,2014,F
10859349,2014,M
10859357,2013,F
10859365,2015,F
10859373,2014,F
10859381,2016,F
10859390,2015,F
10859403,2014,F
10859411,2014,F
10859420,2014,F
10859438,2014,F
10859446,2014,F
10859454,2014,F
10859462,2014,F
10859470,2015,F
10859489,2014,F
10859497,2014,F
10859500,2014,F
10859519,2015,F
10859527,2015,F
10859535,2014,F
10859543,2014,F
10859551,2013,F
10859560,2015,F
10859578,2014,F
10859586,2014,F
10859594,2014,F
10859608,2015,F
10859616,2014,F
10859624,2014,F
10859632,2014,M
10859640,2009,M
10859659,2011,M
10859667,2011,M
10859675,2010,M
10859683,2010,M
10859691,2010,M
10859705,2010,M
10859713,2016,M
10859721,2016,M
10859730,2018,M
10859748,2009,F
10859756,2007,M
10859764,2005,M
10859772,2005,M
10859780,2011,M
10859799,2013,M
10859802,2011,M
10859810,2012,M
10859829,2010,M
10859837,2011,M
10859845,2008,M
10859853,2014,M
10859861,2007,M
10859870,2017,M
10859888,2011,M
10859896,2016,M
10859900,2017,M
10859918,2016,M
10859926,2015,F
10859934,2007,M
10859942,2014,M
10859950,2015,M
10859969,2015,M
10859977,2014,M
10859985,2009,M
10859993,2008,M
10860002,2010,M
10860010,2011,M
10860029,2010,M
10860037,2011,M
10860045,2011,M
10860053,2011,M
10860061,2014,F
10860070,2014,F
10860088,2014,F
10860096,2014,F
10860100,2012,M
10860118,2014,F
10860126,2015,F
10860134,2012,M
10860142,2014,F
10860150,2013,M
10860169,2015,F
10860177,2013,M
10860185,2015,F
10860193,2012,M
10860207,2014,F
10860215,2012,M
10860223,2014,F
10860231,2015,F
10860240,2007,M
10860258,2015,F
10860266,2014,F
10860274,2015,F
10860282,2015,F
10860290,2007,M
10860304,2015,F
10860312,2014,F
10860320,2006,M
10860339,2014,F
10860347,2015,F
10860355,2007,M
10860363,2016,M
10860371,2009,M
10860380,2009,F
10860398,2013,F
10860401,2015,F
10860410,2014,F
10860428,2014,F
10860436,2014,F
10860444,2014,F
10860452,2016,F
10860460,2014,F
10860479,2015,F
10860487,2007,F
10860495,2014,F
10860509,2014,F
10860517,2015,F
10860525,2015,F
10860533,2014,F
10860541,2014,F
10860550,2013,F
10860568,2013,F
10860576,2014,F
10860584,2014,F
10860592,2015,F
10860606,2014,F
10860614,2014,F
10860622,2014,F
10860630,2014,F
10860649,2014,F
10860657,2015,F
10860665,2015,F
10860673,2014,F
10860681,2012,M
10860690,2012,M
10860703,2013,M
10860711,2013,F
10860720,2012,M
10860738,2015,M
10860746,2013,M
10860754,2013,M
10860762,2013,M
10860770,2012,M
10860789,2013,M
10860797,2010,M
10860800,2012,M
10860819,2012,M
10860827,2012,M
10860835,2012,M
10860843,2013,M
10860851,2012,M
10860860,2013,M
10860878,2012,M
10860886,2012,M
10860894,2012,M
10860908,2013,M
10860916,2012,M
10860924,2012,M
10860932,2012,M
10860940,2012,M
10860959,2013,M
10860967,2013,M
10860975,2012,M
10860983,2014,M
10860991,2012,M
10861009,2012,M
10861017,2011,M
10861025,2011,M
10861033,2012,M
10861041,2012,M
10861050,2012,M
10861068,2011,M
10861076,2013,M
10861084,2013,M
10861092,2013,M
10861106,2012,M
10861114,2013,M
10861122,2012,M
10861130,2012,M
10861149,2012,M
10861157,2012,M
10861165,2013,M
10861173,2013,M
10861181,2013,M
10861190,2013,M
10861203,2012,M
10861211,2011,M
10861220,2012,M
10861238,2013,M
10861246,2012,M
10861254,2013,M
10861262,2013,M
10861270,2012,M
10861289,2013,M
10861297,2013,M
10861300,2012,M
10861319,2012,M
10861327,2011,M
10861335,2012,M
10861343,2013,M
10861351,2011,M
10861360,2012,M
10861378,2013,M
10861386,2011,M
10861394,2012,M
10861408,2013,M
10861416,2013,M
10861424,2013,M
10861432,2013,M
10861440,2013,M
10861459,2013,M
10861467,2012,M
10861475,2013,M
10861483,2012,M
10861491,2012,M
10861505,2013,M
10861513,2012,M
10861521,2013,M
10861530,2011,M
10861548,2013,M
10861556,2013,M
10861564,2012,M
10861572,2013,M
10861580,2012,M
10861599,2013,M
10861602,2012,M
10861610,2012,M
10861629,2012,M
10861637,2011,M
10861645,2013,M
10861653,2012,M
10861661,2012,M
10861670,2012,M
10861688,2013,M
10861696,2012,M
10861700,2013,M
10861718,2014,M
10861726,2013,M
10861734,2012,M
10861742,2011,M
10861750,2012,M
10861769,2013,M
10861777,2014,M
10861785,2013,M
10861793,2012,M
10861807,2011,M
10861815,2013,M
10861823,2012,M
10861831,2012,M
10861840,2012,M
10861858,2012,M
10861866,2013,M
10861874,2013,M
10861882,2013,M
10861890,2012,M
10861904,2013,M
10861912,2013,M
10861920,2012,F
10861939,2013,M
10861947,2012,M
10861955,2012,M
10861963,2012,M
10861971,2012,M
10861980,2013,M
10861998,2013,M
10862005,2013,M
10862013,2012,M
10862021,2012,M
10862030,2012,M
10862048,2012,M
10862056,2012,M
10862064,2012,M
10862072,2012,M
10862080,2013,M
10862099,2013,M
10862102,2013,M
10862110,2013,M
10862129,2012,M
10862137,2012,F
10862145,2013,F
10862153,2013,M
10862161,2013,F
10862170,2013,F
10862188,2013,F
10862196,2012,F
10862200,2013,F
10862218,2013,F
10862226,2013,F
10862234,2012,F
10862242,2013,F
10862250,2013,F
10862269,2012,F
10862277,2013,F
10862285,2012,F
10862293,2014,F
10862307,2013,F
10862315,2013,F
10862323,2013,F
10862331,2012,F
10862340,2012,F
10862358,2012,F
10862366,2012,F
10862374,2013,F
10862382,2013,F
10862390,2012,F
10862404,2013,F
10862412,2013,F
10862420,2013,F
10862439,2013,F
10862447,2012,F
10862455,2012,F
10862463,2012,F
10862471,2011,M
10862480,2012,F
10862498,2012,M
10862501,2012,F
10862510,2012,F
10862528,2012,F
10862536,2012,F
10862544,2012,F
10862552,2012,F
10862560,2012,F
10862579,2013,F
10862587,2013,F
10862595,2012,F
10862609,2013,F
10862617,2013,F
10862625,2013,F
10862633,2012,F
10862641,2011,F
10862650,2012,F
10862668,2013,F
10862676,2013,F
10862684,2012,F
10862692,2013,F
10862706,2011,F
10862714,2012,F
10862722,2012,F
10862730,2013,F
10862749,2012,F
10862757,2012,F
10862765,2012,F
10862773,2013,F
10862781,2013,F
10862790,2012,F
10862803,2012,F
10862811,2013,F
10862820,2013,F
10862838,2013,F
10862846,2012,F
10862854,2012,F
10862862,2012,F
10862870,2013,F
10862889,2012,F
10862897,2013,F
10862900,2006,M
10862919,2012,M
10862927,2012,M
10862935,2013,M
10862943,2010,M
10862951,2010,M
10862960,2011,M
10862978,2008,M
10862986,2008,M
10862994,2009,M
10863001,2009,M
10863010,2008,M
10863028,2008,M
10863036,2015,M
10863044,2014,M
10863052,2015,M
10863060,2015,M
10863079,2007,M
10863087,2006,M
10863095,2007,M
10863109,2016,M
10863117,2017,M
10863125,2014,M
10863133,2010,M
10863141,2007,M
10863150,2010,F
10863168,2016,M
10863176,2011,F
10863184,2014,F
10863192,2014,F
10863206,2015,F
10863214,2014,F
10863222,2014,F
10863230,2011,F
10863249,2012,F
10863257,2013,F
10863265,2012,F
10863273,2013,F
10863281,2013,F
10863290,2012,F
10863303,2018,F
10863311,2016,F
10863320,2016,F
10863338,2008,F
10863346,2008,F
10863354,2009,F
10863362,2008,F
10863370,2009,F
10863389,2007,F
10863397,2006,F
10863400,2007,F
10863419,2007,F
10863427,2011,F
10863435,2011,F
10863443,2013,F
10863451,2011,F
10863460,2010,F
10863478,2009,F
10863486,2008,F
10863494,2008,F
10863508,2007,F
10863516,2007,F
10863524,2012,F
10863532,2011,F
10863540,2015,F
10863559,2014,F
10863567,2017,F
10863575,2017,M
10863583,2017,F
10863591,2008,F
10863605,2010,M
10863613,2010,M
10863621,2015,M
10863630,2014,M
10863648,2015,M
10863656,2009,M
10863664,2017,M
10863672,2014,F
10863680,2009,F
10863699,2010,F
10863702,2010,F
10863710,2015,M
10863729,2013,M
10863737,2008,F
10863745,2010,F
10863753,2007,F
10863761,2013,F
10863770,2010,M
10863788,2015,M
10863796,2015,M
10863800,2012,M
10863818,2016,F
10863826,2017,F
10863834,2008,F
10863842,2015,F
10863850,2012,M
10863869,2013,M
10863877,2013,M
10863885,2014,M
10863893,2010,M
10863907,2010,M
10863915,2007,M
10863923,2012,M
10863931,2007,M
10863940,2013,M
10863958,2012,M
10863966,2012,M
10863974,2011,M
10863982,2012,F
10863990,2008,M
10864008,2014,F
10864016,2009,F
10864024,2014,M
10864032,2008,M
10864040,2008,M
10864059,2014,M
10864067,2015,M
10864075,2007,M
10864083,2015,M
10864091,2013,M
10864105,2014,M
10864113,2016,M
10864121,2012,F
10864130,2010,M
10864148,2013,F
10864156,2012,F
10864164,2012,F
10864172,2007,F
10864180,2010,M
10864199,2015,M
10864202,2014,M
10864210,2014,F
10864229,2011,F
10864237,2017,F
10864245,2008,F
10864253,2015,M
10864261,2015,F
10864270,2016,M
10864288,2014,F
10864296,2014,M
10864300,2015,F
10864318,2015,F
10864326,2017,F
10864334,2010,F
10864342,2011,M
10864350,2014,M
10864369,2012,M
10864377,2015,F
10864385,2012,M
10864393,2016,M
10864407,2015,M
10864415,2014,M
10864423,2013,M
10864431,2012,F
10864440,2014,F
10864458,2015,M
10864466,2014,M
10864474,2014,M
10864482,2015,M
10864490,2009,M
10864504,2008,M
10864512,2011,M
10864520,2011,M
10864539,2011,M
10864547,2013,M
10864555,2011,M
10864563,2007,M
10864571,2007,M
10864580,2016,M
10864598,2013,F
10864601,2012,M
10864610,2008,M
10864628,2008,M
10864636,2008,M
10864644,2009,M
10864652,2009,M
10864660,2011,M
10864679,2011,M
10864687,2011,M
10864695,2006,M
10864709,2012,M
10864717,2014,M
10864725,2012,M
10864733,2012,M
10864741,2008,M
10864750,2010,M
10864768,2006,M
10864776,2011,F
10864784,2011,M
10864792,2010,M
10864806,2011,M
10864814,2008,M
10864822,2013,M
10864830,2006,M
10864849,2016,M
10864857,2015,M
10864865,2012,F
10864873,2016,F
10864881,2012,F
10864890,2013,F
10864903,2018,F
10864911,2012,F
10864920,2007,F
10864938,2012,M
10864946,2009,M
10864954,2011,M
10864962,2017,M
10864970,2013,M
10864989,2014,F
10864997,2010,M
10865004,2017,M
10865012,2007,M
10865020,2009,M
10865039,2013,M
10865047,2013,M
10865055,2011,F
10865063,2016,M
10865071,2015,M
10865080,2007,M
10865098,2007,M
10865101,2015,F
10865110,2012,M
10865128,2009,F
10865136,2010,M
10865144,2011,F
10865152,2007,F
10865160,2012,F
10865179,2007,F
10865187,2011,M
10865195,2014,M
10865209,2014,M
10865217,2017,M
10865225,2015,M
10865233,2013,M
10865241,2012,M
10865250,2013,M
10865268,2016,M
10865276,2013,M
10865284,2015,M
10865292,2010,M
10865306,2016,M
10865314,2017,F
10865322,2013,M
10865330,2006,M
10865349,2016,F
10865357,2011,M
10865365,2017,M
10865373,2013,F
10865381,2016,F
10865390,2006,M
10865403,2014,F
10865411,2013,M
10865420,2008,F
10865438,2013,M
10865446,2013,M
10865454,2013,M
10865462,2010,M
10865470,2015,F
10865489,2013,M
10865497,2015,M
10865500,2016,M
10865519,2015,F
10865527,2013,M
10865535,2012,M
10865543,2016,M
10865551,2014,M
10865560,2015,M
10865578,2010,M
10865586,2011,M
10865594,2011,M
10865608,2017,M
10865616,2016,M
10865624,2010,F
10865632,2013,M
10865640,2006,M
10865659,2009,M
10865667,2011,M
10865675,2013,M
10865683,2010,M
10865691,2011,M
10865705,2008,M
10865713,2012,M
10865721,2005,F
10865730,2013,F
10865748,2013,M
10865756,2010,M
10865764,2006,M
10865772,2009,F
10865780,2013,F
10865799,2013,M
10865802,2009,F
10865810,2010,F
10865829,2015,F
10865837,2015,F
10865845,2008,F
10865853,2008,F
10865861,2008,M
10865870,2008,M
10865888,2013,M
10865896,2016,M
10865900,2007,F
10865918,2014,M
10865926,2014,M
10865934,2014,M
10865942,2013,M
10865950,2013,M
10865969,2006,M
10865977,2007,M
10865985,2014,F
10865993,2013,F
10866000,2015,F
10866019,2008,M
10866027,2008,F
10866035,2011,M
10866043,2013,M
10866051,2008,M
10866060,2011,M
10866078,2011,M
10866086,2012,M
10866094,2016,M
10866108,2018,M
10866116,2009,F
10866124,2015,M
10866132,2010,M
10866140,2006,M
10866159,2006,M
10866167,2012,M
10866175,2012,M
10866183,2012,M
10866191,2013,M
10866205,2012,M
10866213,2015,M
10866221,2016,M
10866230,2017,M
10866248,2016,M
10866256,2014,M
10866264,2015,M
10866272,2015,M
10866280,2014,M
10866299,2009,M
10866302,2011,M
10866310,2011,M
10866329,2011,M
10866337,2010,M
10866345,2010,M
10866353,2014,M
10866361,2013,M
10866370,2013,M
10866388,2013,M
10866396,2012,M
10866400,2012,M
10866418,2012,M
10866426,2012,M
10866434,2016,M
10866442,2017,M
10866450,2018,M
10866469,2016,M
10866477,2016,M
10866485,2014,F
10866493,2014,M
10866507,2015,M
10866515,2011,M
10866523,2013,M
10866531,2014,F
10866540,2012,M
10866558,2013,M
10866566,2007,M
10866574,2014,M
10866582,2009,F
10866590,2014,F
10866604,2006,M
10866612,2014,F
10866620,2008,M
10866639,2011,F
10866647,2011,M
10866655,2017,M
10866663,2011,F
10866671,2015,F
10866680,2016,F
10866698,2009,M
10866701,2009,M
10866710,2008,M
10866728,2011,M
10866736,2013,M
10866744,2012,M
10866752,2014,F
10866760,2013,M
10866779,2016,M
10866787,2010,M
10866795,2008,M
10866809,2014,M
10866817,2006,M
10866825,2011,M
10866833,2011,M
10866841,2010,M
10866850,2010,M
10866868,2010,M
10866876,2011,M
10866884,2008,M
10866892,2017,F
10866906,2013,M
10866914,2010,M
10866922,2007,M
10866930,2012,M
10866949,2012,M
10866957,2012,M
10866965,2007,M
10866973,2016,M
10866981,2008,F
10866990,2013,M
10867007,2012,M
10867015,2012,M
10867023,2014,M
10867031,2013,M
10867040,2013,M
10867058,2014,M
10867066,2013,M
10867074,2014,M
10867082,2015,M
10867090,2015,M
10867104,2015,M
10867112,2015,M
10867120,2015,M
10867139,2014,M
10867147,2015,M
10867155,2017,M
10867163,2017,M
10867171,2017,M
10867180,2016,M
10867198,2016,M
10867201,2013,F
10867210,2017,F
10867228,2015,M
10867236,2012,F
10867244,2008,F
10867252,2007,F
10867260,2014,M
10867279,2015,M
10867287,2008,M
10867295,2007,F
10867309,2008,F
10867317,2008,M
10867325,2008,F
10867333,2010,F
10867341,2009,F
10867350,2007,F
10867368,2009,F
10867376,2009,M
10867384,2011,F
10867392,2010,F
10867406,2014,M
10867414,2014,M
10867422,2013,M
10867430,2012,M
10867449,2012,F
10867457,2017,F
10867465,2014,F
10867473,2016,M
10867481,2014,M
10867490,2012,F
10867503,2002,F
10867511,2006,F
10867520,2008,M
10867538,2010,F
10867546,2015,M
10867554,2016,M
10867562,2012,M
10867570,2016,F
10867589,2013,F
10867597,2012,F
10867600,2008,F
10867619,2007,F
10867627,2012,F
10867635,2012,F
10867643,2008,M
10867651,2011,M
10867660,2012,M
10867678,2006,M
10867686,2016,M
10867694,2007,M
10867708,2013,M
10867716,2012,F
10867724,2016,F
10867732,2010,M
10867740,2011,M
10867759,2012,M
10867767,2008,M
10867775,2016,M
10867783,2007,F
10867791,2017,F
10867805,2011,F
10867813,2011,F
10867821,2006,F
10867830,2008,F
10867848,2008,F
10867856,2011,F
10867864,2009,M
10867872,2014,M
10867880,2012,M
10867899,2016,M
10867902,2008,F
10867910,2009,F
10867929,2014,F
10867937,2006,F
10867945,2007,F
10867953,2012,F
10867961,2012,F
10867970,2014,F
10867988,2009,F
10867996,2008,F
10868003,2009,F
10868011,2010,F
10868020,2010,F
10868038,2012,M
10868046,2013,F
10868054,2009,F
10868062,2007,F
10868070,2009,F
10868089,2010,M
10868097,2007,M
10868100,2017,M
10868119,2014,M
10868127,2012,M
10868135,2009,M
10868143,2010,M
10868151,2013,F
10868160,2011,F
10868178,2008,F
10868186,2010,F
10868194,2009,F
10868208,2014,F
10868216,2013,F
10868224,2011,F
10868232,2014,F
10868240,2012,M
10868259,2016,M
10868267,2013,M
10868275,2015,M
10868283,2015,M
10868291,2016,M
10868305,2012,M
10868313,2007,M
10868321,2013,F
10868330,2010,M
10868348,2014,M
10868356,2016,F
10868364,2014,F
10868372,2010,M
10868380,2006,M
10868399,2011,M
10868402,2013,M
10868410,2018,M
10868429,2012,M
10868437,2011,F
10868445,2016,M
10868453,2007,M
10868461,2015,M
10868470,2014,M
10868488,2013,M
10868496,2012,M
10868500,2014,F
10868518,2014,F
10868526,2014,F
10868534,2009,F
10868542,2007,F
10868550,2007,F
10868569,2008,F
10868577,2014,F
10868585,2007,F
10868593,2008,F
10868607,2011,F
10868615,2012,F
10868623,2010,F
10868631,2011,M
10868640,2010,M
10868658,2010,M
10868666,2008,M
10868674,2008,M
10868682,2008,M
10868690,2008,M
10868704,2013,M
10868712,2012,M
10868720,2012,M
10868739,2012,M
10868747,2013,M
10868755,2012,M
10868763,2012,M
10868771,2013,M
10868780,2008,M
10868798,2007,M
10868801,2013,M
10868810,2009,M
10868828,2010,M
10868836,2013,F
10868844,2007,M
10868852,2006,M
10868860,2014,F
10868879,2014,M
10868887,2014,F
10868895,2011,M
10868909,2010,F
10868917,2014,F
10868925,2008,F
10868933,2008,M
10868941,2012,M
10868950,2008,M
10868968,2006,M
10868976,2007,M
10868984,2007,M
10868992,2007,M
10869000,2014,F
10869018,2008,F
10869026,2009,M
10869034,2011,F
10869042,2010,F
10869050,2011,F
10869069,2010,F
10869077,2012,F
10869085,2008,F
10869093,2008,F
10869107,2007,F
10869115,2007,F
10869123,2016,M
10869131,2016,M
10869140,2008,F
10869158,2014,F
10869166,2014,F
10869174,2008,F
10869182,2015,F
10869190,2007,M
10869204,2010,F
10869212,2016,F
10869220,2015,F
10869239,2008,M
10869247,2014,M
10869255,2014,F
10869263,2011,M
10869271,2011,M
10869280,2014,M
10869298,2008,M
10869301,2011,M
10869310,2012,M
10869328,2013,M
10869336,2017,M
10869344,2016,M
10869352,2010,F
10869360,2014,F
10869379,2009,F
10869387,2014,M
10869395,2014,M
10869409,2010,M
10869417,2010,M
10869425,2012,M
10869433,2011,M
10869441,2008,F
10869450,2011,M
10869468,2008,M
10869476,2008,M
10869484,2014,M
10869492,2014,M
10869506,2011,M
10869514,2010,M
10869522,2010,M
10869530,2015,F
10869549,2012,F
10869557,2016,F
10869565,2016,F
10869573,2015,M
10869581,2012,M
10869590,2014,F
10869603,2014,F
10869611,2014,M
10869620,2012,M
10869638,1992,M
10869646,2014,M
10869654,2010,F
10869662,2012,F
10869670,2010,F
10869689,2014,F
10869697,2008,F
10869700,2017,F
10869719,2015,F
10869727,2014,F
10869735,2011,F
10869743,2016,F
10869751,2007,F
10869760,2008,M
10869778,2012,F
10869786,2018,F
10869794,2012,F
10869808,2010,F
10869816,2007,F
10869824,2008,F
10869832,2018,M
10869840,2011,M
10869859,2007,F
10869867,2010,M
10869875,2010,M
10869883,2010,M
10869891,2010,M
10869905,2008,M
10869913,2014,F
10869921,2012,M
10869930,2009,F
10869948,2012,M
10869956,2014,F
10869964,2011,M
10869972,2010,F
10869980,2011,F
10869999,2012,F
10870008,2000,F
10870016,2009,F
10870024,2008,F
10870032,2009,F
10870040,2008,F
10870059,2008,F
10870067,2007,F
10870075,2007,F
10870083,2007,F
10870091,2009,F
10870105,2013,F
10870113,2010,F
10870121,2010,M
10870130,2008,M
10870148,2014,M
10870156,2007,M
10870164,2007,M
10870172,2006,M
10870180,2016,M
10870199,2014,M
10870202,2014,M
10870210,2014,M
10870229,2015,M
10870237,2009,M
10870245,2011,M
10870253,2010,M
10870261,2011,M
10870270,2010,M
10870288,2012,M
10870296,2011,M
10870300,2012,M
10870318,2012,M
10870326,2013,M
10870334,2013,M
10870342,2017,M
10870350,2016,M
10870369,2016,M
10870377,2006,M
10870385,2006,M
10870393,2007,M
10870407,2007,M
10870415,2008,M
10870423,2006,F
10870431,2015,M
10870440,2011,F
10870458,2012,F
10870466,2013,F
10870474,2006,F
10870482,2008,F
10870490,2017,F
10870504,2012,F
10870512,2010,M
10870520,2014,M
10870539,2013,M
10870547,2012,M
10870555,2012,M
10870563,2014,M
10870571,2014,M
10870580,2018,M
10870598,2011,M
10870601,2015,F
10870610,2011,F
10870628,2013,M
10870636,2013,F
10870644,2008,F
10870652,2007,F
10870660,2007,F
10870679,2009,F
10870687,2014,M
10870695,2016,F
10870709,2011,F
10870717,2014,F
10870725,2013,F
10870733,2008,F
10870741,2012,F
10870750,2016,F
10870768,2012,M
10870776,2011,F
10870784,2014,M
10870792,2008,F
10870806,2010,F
10870814,2008,F
10870822,2008,F
10870830,2011,F
10870849,2010,F
10870857,2007,F
10870865,2013,F
10870873,2016,M
10870881,2014,M
10870890,2012,M
10870903,2012,M
10870911,2011,F
10870920,2012,F
10870938,2015,F
10870946,2015,F
10870954,2010,M
10870962,2011,M
10870970,2011,M
10870989,2009,F
10870997,2007,M
10871004,2016,M
10871012,2011,M
10871020,2011,M
10871039,2015,M
10871047,2009,M
10871055,2006,M
10871063,2006,M
10871071,2006,M
10871080,2007,M
10871098,2007,M
10871101,2006,M
10871110,2007,M
10871128,2016,F
10871136,2008,M
10871144,2014,M
10871152,2007,F
10871160,2014,M
10871179,2015,M
10871187,2011,M
10871195,2016,M
10871209,2010,M
10871217,2014,M
10871225,2015,F
10871233,2015,M
10871241,2009,M
10871250,2013,M
10871268,2016,M
10871276,2013,M
10871284,2012,M
10871292,2012,M
10871306,2011,M
10871314,2011,M
10871322,2006,M
10871330,2007,M
10871349,2013,M
10871357,2009,M
10871365,2014,M
10871373,2013,M
10871381,2013,M
10871390,2011,M
10871403,2015,M
10871411,2015,M
10871420,2013,M
10871438,2015,M
10871446,2014,M
10871454,2013,M
10871462,2017,M
10871470,2011,M
10871489,2015,F
10871497,2013,M
10871500,2012,M
10871519,2012,M
10871527,2014,M
10871535,2014,M
10871543,2015,M
10871551,2010,M
10871560,2016,M
10871578,2017,M
10871586,2016,M
10871594,2007,M
10871608,2012,F
10871616,2013,M
10871624,2012,F
10871632,2012,F
10871640,2015,F
10871659,2014,F
10871667,2010,F
10871675,2011,F
10871683,2009,M
10871691,2008,F
10871705,2016,F
10871713,2010,F
10871721,2014,F
10871730,2016,F
10871748,2010,F
10871756,2008,F
10871764,2014,F
10871772,2016,M
10871780,2010,F
10871799,2008,F
10871802,2015,F
10871810,2017,F
10871829,2017,F
10871837,2014,M
10871845,2006,F
10871853,2008,M
10871861,2015,F
10871870,2010,F
10871888,2017,F
10871896,2009,F
10871900,2010,F
10871918,2016,F
10871926,2007,F
10871934,2016,F
10871942,2010,F
10871950,2011,F
10871969,2011,F
10871977,2012,F
10871985,2012,F
10871993,2016,F
10872000,2008,F
10872019,2009,M
10872027,2008,F
10872035,2011,F
10872043,2013,M
10872051,2016,M
10872060,2012,M
10872078,2012,M
10872086,2012,M
10872094,2013,M
10872108,2013,M
10872116,2012,M
10872124,2012,M
10872132,2009,M
10872140,2009,M
10872159,2014,M
10872167,2014,M
10872175,2014,M
10872183,2014,M
10872191,2014,M
10872205,2015,M
10872213,2018,M
10872221,2015,M
10872230,2015,M
10872248,2014,M
10872256,2012,M
10872264,2010,M
10872272,2011,M
10872280,2011,M
10872299,2017,M
10872302,2017,M
10872310,2017,M
10872329,2016,M
10872337,2007,M
10872345,2011,M
10872353,2012,M
10872361,2012,M
10872370,2012,M
10872388,2014,M
10872396,2015,M
10872400,2015,M
10872418,2008,M
10872426,2006,M
10872434,2008,F
10872442,2011,M
10872450,2011,M
10872469,2015,M
10872477,2011,M
10872485,2016,M
10872493,2011,M
10872507,2009,F
10872515,2015,F
10872523,2014,F
10872531,2011,F
10872540,2013,F
10872558,2008,F
10872566,2017,F
10872574,2017,F
10872582,2016,F
10872590,2016,F
10872604,2014,M
10872612,2013,M
10872620,2012,M
10872639,2017,F
10872647,2007,F
10872655,2007,F
10872663,2012,M
10872671,2011,M
10872680,2006,M
10872698,2006,M
10872701,2010,M
10872710,2018,F
10872728,2016,F
10872736,2017,F
10872744,2008,M
10872752,2013,M
10872760,2015,F
10872779,2012,M
10872787,2010,M
10872795,2008,M
10872809,2012,M
10872817,2011,M
10872825,2011,M
10872833,2011,M
10872841,2013,M
10872850,2013,M
10872868,2010,M
10872876,2017,F
10872884,2007,M
10872892,2013,M
10872906,2013,M
10872914,2016,M
10872922,2012,M
10872930,2013,M
10872949,2015,F
10872957,2011,M
10872965,2011,M
10872973,2010,M
10872981,2012,M
10872990,2006,M
10873007,2014,M
10873015,2011,M
10873023,2007,M
10873031,2009,M
10873040,2011,F
10873058,2011,F
10873066,2013,F
10873074,2013,F
10873082,2015,F
10873090,2014,F
10873104,2010,F
10873112,2011,F
10873120,2011,F
10873139,2007,F
10873147,2007,F
10873155,2008,F
10873163,2007,F
10873171,2008,F
10873180,2008,F
10873198,2008,F
10873201,2008,F
10873210,2010,F
10873228,2013,M
10873236,2011,M
10873244,2008,M
10873252,2009,M
10873260,2009,M
10873279,2014,M
10873287,2016,M
10873295,2012,M
10873309,2015,F
10873317,2016,M
10873325,2010,F
10873333,2012,F
10873341,2012,F
10873350,2010,M
10873368,2015,F
10873376,2014,F
10873384,2012,F
10873392,2013,M
10873406,2016,M
10873414,2014,M
10873422,2010,M
10873430,2014,M
10873449,2013,M
10873457,2010,M
10873465,2007,M
10873473,2008,F
10873481,2013,M
10873490,2016,M
10873503,2017,M
10873511,2015,M
10873520,2010,M
10873538,2016,M
10873546,2006,M
10873554,2015,M
10873562,2007,F
10873570,2008,F
10873589,2008,F
10873597,2009,F
10873600,2011,M
10873619,2017,M
10873627,2013,M
10873635,2016,F
10873643,2007,F
10873651,2008,F
10873660,2011,M
10873678,2016,M
10873686,2006,F
10873694,2014,F
10873708,2009,F
10873716,2010,F
10873724,2011,M
10873732,2013,M
10873740,2008,M
10873759,2011,F
10873767,2006,M
10873775,2010,M
10873783,2007,M
10873791,2012,M
10873805,2010,M
10873813,2008,M
10873821,2010,M
10873830,2014,F
10873848,2013,M
10873856,2017,F
10873864,2009,F
10873872,2011,M
10873880,2011,M
10873899,2007,M
10873902,2007,M
10873910,2007,M
10873929,2013,F
10873937,2012,F
10873945,2007,M
10873953,2006,F
10873961,2012,M
10873970,2013,M
10873988,2010,F
10873996,2015,F
10874003,2012,M
10874011,2010,M
10874020,2008,M
10874038,2009,M
10874046,2011,F
10874054,2005,M
10874062,2017,M
10874070,2016,M
10874089,2011,F
10874097,2012,M
10874100,2013,M
10874119,2012,F
10874127,2012,F
10874135,2010,F
10874143,2014,F
10874151,2006,F
10874160,2008,F
10874178,2008,F
10874186,2009,M
10874194,2008,F
10874208,2009,F
10874216,2008,F
10874224,2010,M
10874232,2007,M
10874240,2010,M
10874259,2016,M
10874267,2007,M
10874275,2012,M
10874283,2012,M
10874291,2012,M
10874305,2014,M
10874313,2009,M
10874321,2009,M
10874330,2008,M
10874348,2016,F
10874356,2010,F
10874364,2006,F
10874372,2012,F
10874380,2011,F
10874399,2007,F
10874402,2009,F
10874410,2014,F
10874429,2012,F
10874437,2016,F
10874445,2009,F
10874453,2012,M
10874461,2012,M
10874470,2011,M
10874488,2013,M
10874496,2014,M
10874500,2013,M
10874518,2013,M
10874526,2012,M
10874534,2008,M
10874542,2009,M
10874550,2014,M
10874569,2014,M
10874577,2014,M
10874585,2014,M
10874593,2010,M
10874607,2007,M
10874615,2010,M
10874623,2011,M
10874631,2010,M
10874640,2016,M
10874658,2017,M
10874666,2016,M
10874674,2011,M
10874682,2005,M
10874690,2007,M
10874704,2016,M
10874712,2011,M
10874720,2010,F
10874739,2014,M
10874747,2014,M
10874755,2016,M
10874763,2010,M
10874771,2010,F
10874780,2007,M
10874798,2007,F
10874801,2006,M
10874810,2014,F
10874828,2007,F
10874836,2008,F
10874844,2012,M
10874852,2007,M
10874860,2012,M
10874879,2008,M
10874887,2014,M
10874895,2012,F
10874909,2008,F
10874917,2013,F
10874925,2012,F
10874933,2012,F
10874941,2013,M
10874950,2012,F
10874968,2015,F
10874976,2014,F
10874984,2014,F
10874992,2014,F
10875000,2010,F
10875018,2010,F
10875026,2010,F
10875034,2011,F
10875042,2011,F
10875050,2011,F
10875069,2009,F
10875077,2007,F
10875085,2016,F
10875093,2010,M
10875107,2013,M
10875115,2016,F
10875123,2012,M
10875131,2012,M
10875140,2013,M
10875158,2012,M
10875166,2012,M
10875174,2013,M
10875182,2012,M
10875190,2011,M
10875204,2012,M
10875212,2010,M
10875220,2011,M
10875239,2011,M
10875247,2010,M
10875255,2014,M
10875263,2015,M
10875271,2013,M
10875280,2016,M
10875298,2016,M
10875301,2016,M
10875310,2016,M
10875328,2016,M
10875336,2015,F
10875344,2017,F
10875352,2011,F
10875360,2008,F
10875379,2008,F
10875387,2013,F
10875395,2011,F
10875409,2015,F
10875417,2011,F
10875425,2010,F
10875433,2010,F
10875441,2013,F
10875450,2012,F
10875468,2007,F
10875476,2007,F
10875484,2006,F
10875492,2009,F
10875506,2009,F
10875514,2008,F
10875522,2008,F
10875530,2010,F
10875549,2014,F
10875557,2013,M
10875565,2013,M
10875573,2013,F
10875581,2008,F
10875590,2011,F
10875603,2011,F
10875611,2009,F
10875620,2007,M
10875638,2014,M
10875646,2008,M
10875654,2009,M
10875662,2011,M
10875670,2008,M
10875689,2016,M
10875697,2010,M
10875700,2012,M
10875719,2016,M
10875727,2011,M
10875735,2015,F
10875743,2014,F
10875751,2015,M
10875760,2008,M
10875778,2010,M
10875786,2011,M
10875794,2011,M
10875808,2013,M
10875816,2013,M
10875824,2012,M
10875832,2016,M
10875840,2006,M
10875859,2006,M
10875867,2017,M
10875875,2015,F
10875883,2007,M
10875891,2011,M
10875905,2011,M
10875913,2009,M
10875921,2015,M
10875930,2008,M
10875948,2012,M
10875956,2015,M
10875964,2012,F
10875972,2011,M
10875980,2011,M
10875999,2012,M
10876006,2011,M
10876014,2010,M
10876022,2008,M
10876030,2013,M
10876049,2012,M
10876057,2013,M
10876065,2014,M
10876073,2015,M
10876081,2004,F
10876090,2011,F
10876103,2011,M
10876111,2010,F
10876120,2018,M
10876138,2013,M
10876146,2012,M
10876154,2014,M
10876162,2008,M
10876170,2008,M
10876189,2009,M
10876197,2008,M
10876200,2011,M
10876219,2011,M
10876227,2017,M
10876235,2006,M
10876243,2007,M
10876251,2010,F
10876260,2009,F
10876278,2011,F
10876286,2011,M
10876294,2010,F
10876308,2011,F
10876316,2014,F
10876324,2013,F
10876332,2016,M
10876340,2013,F
10876359,2016,M
10876367,2009,F
10876375,2017,F
10876383,2010,M
10876391,2014,M
10876405,2013,M
10876413,2014,M
10876421,2011,M
10876430,2014,M
10876448,2013,M
10876456,2007,F
10876464,2016,M
10876472,2013,F
10876480,2007,M
10876499,2010,M
10876502,2007,M
10876510,2015,M
10876529,2014,F
10876537,2013,M
10876545,2016,F
10876553,2016,F
10876561,2006,F
10876570,2008,F
10876588,2014,M
10876596,2014,F
10876600,2014,F
10876618,2007,F
10876626,2016,F
10876634,2016,F
10876642,2013,M
10876650,2011,M
10876669,2015,M
10876677,2015,M
10876685,2007,M
10876693,2014,M
10876707,2008,M
10876715,2012,M
10876723,2013,F
10876731,2012,M
10876740,2007,M
10876758,2011,M
10876766,2006,M
10876774,2012,M
10876782,2011,M
10876790,2007,M
10876804,2012,M
10876812,2013,M
10876820,2009,M
10876839,2007,M
10876847,2014,M
10876855,2012,M
10876863,2008,M
10876871,2015,M
10876880,2009,M
10876898,2015,F
10876901,2012,F
10876910,2007,F
10876928,2006,F
10876936,2009,F
10876944,2008,F
10876952,2009,F
10876960,2008,F
10876979,2016,M
10876987,2009,M
10876995,2012,M
10877002,2010,M
10877010,2010,M
10877029,2011,M
10877037,2013,M
10877045,2016,M
10877053,2006,M
10877061,2007,M
10877070,2013,F
10877088,2011,F
10877096,2010,F
10877100,2017,F
10877118,2014,M
10877126,2010,M
10877134,2012,M
10877142,2013,M
10877150,2012,F
10877169,2010,F
10877177,2010,F
10877185,2008,F
10877193,2009,F
10877207,2011,M
10877215,2010,M
10877223,2011,M
10877231,2010,M
10877240,2011,M
10877258,2010,M
10877266,2010,M
10877274,2010,M
10877282,2011,M
10877290,2010,M
10877304,2011,M
10877312,2013,M
10877320,2010,M
10877339,2011,M
10877347,2010,M
10877355,2010,M
10877363,2012,M
10877371,2011,M
10877380,2010,M
10877398,2011,M
10877401,2015,M
10877410,2014,M
10877428,2014,M
10877436,2014,M
10877444,2014,M
10877452,2014,M
10877460,2015,M
10877479,2015,M
10877487,2014,M
10877495,2014,M
10877509,2014,M
10877517,2008,M
10877525,2008,M
10877533,2008,M
10877541,2008,M
10877550,2008,M
10877568,2008,M
10877576,2009,M
10877584,2012,M
10877592,2012,M
10877606,2010,M
10877614,2012,M
10877622,2012,M
10877630,2013,M
10877649,2013,M
10877657,2012,M
10877665,2013,M
10877673,2012,M
10877681,2013,M
10877690,2013,M
10877703,2007,M
10877711,2017,M
10877720,2017,M
10877738,2016,M
10877746,2010,M
10877754,2010,M
10877762,2007,F
10877770,2008,F
10877789,2015,F
10877797,2008,M
10877800,2011,M
10877819,2011,M
10877827,2016,M
10877835,2011,M
10877843,2007,M
10877851,2014,F
10877860,2008,F
10877878,2008,F
10877886,2014,F
10877894,2014,F
10877908,2008,F
10877916,2008,M
10877924,2017,M
10877932,2011,M
10877940,2011,F
10877959,2013,F
10877967,2012,F
10877975,2009,F
10877983,2012,F
10877991,2013,F
10878009,2011,F
10878017,2010,F
10878025,2008,M
10878033,2014,M
10878041,2006,M
10878050,2011,M
10878068,2012,M
10878076,2011,M
10878084,2010,M
10878092,2010,M
10878106,2011,M
10878114,2011,M
10878122,2010,M
10878130,2010,M
10878149,2011,M
10878157,2012,M
10878165,2014,M
10878173,2015,M
10878181,2014,M
10878190,2014,M
10878203,2014,M
10878211,2009,M
10878220,2009,M
10878238,2008,M
10878246,2008,M
10878254,2008,M
10878262,2012,M
10878270,2012,M
10878289,2008,M
10878297,2007,M
10878300,2007,M
10878319,2011,M
10878327,2011,M
10878335,2010,M
10878343,2012,M
10878351,2013,M
10878360,2016,M
10878378,2012,F
10878386,2012,F
10878394,2012,F
10878408,2010,F
10878416,2010,F
10878424,2007,F
10878432,2006,F
10878440,2009,F
10878459,2009,F
10878467,2014,M
10878475,2016,M
10878483,2015,F
10878491,2012,F
10878505,2013,F
10878513,2015,F
10878521,2010,F
10878530,2007,F
10878548,2008,F
10878556,2009,F
10878564,2008,F
10878572,2008,F
10878580,2010,M
10878599,2014,F
10878602,2012,F
10878610,2013,F
10878629,2012,F
10878637,2012,F
10878645,2008,F
10878653,2009,F
10878661,2016,F
10878670,2017,F
10878688,2017,F
10878696,2015,F
10878700,2008,F
10878718,2007,F
10878726,2011,F
10878734,2007,M
10878742,2014,M
10878750,2015,M
10878769,2013,M
10878777,2013,M
10878785,2006,M
10878793,2007,M
10878807,2016,M
10878815,2017,M
10878823,2016,M
10878831,2016,M
10878840,2013,M
10878858,2015,F
10878866,2015,F
10878874,2010,M
10878882,2015,M
10878890,2009,M
10878904,2011,F
10878912,2010,F
10878920,2013,F
10878939,2014,F
10878947,2017,M
10878955,2011,M
10878963,2005,M
10878971,2009,M
10878980,2012,M
10878998,2012,M
10879005,2013,M
10879013,2007,F
10879021,2012,F
10879030,2012,F
10879048,2016,F
10879056,2008,F
10879064,2017,M
10879072,2009,M
10879080,2014,M
10879099,2012,M
10879102,2015,F
10879110,2010,M
10879129,2014,F
10879137,2011,F
10879145,2012,F
10879153,2012,F
10879161,2013,F
10879170,2010,F
10879188,2011,F
10879196,2007,F
10879200,2011,F
10879218,2010,F
10879226,2015,F
10879234,2016,F
10879242,2016,F
10879250,2008,F
10879269,2011,F
10879277,2011,F
10879285,2014,F
10879293,2015,F
10879307,2008,F
10879315,2009,F
10879323,2011,F
10879331,2007,F
10879340,2013,F
10879358,2010,F
10879366,2010,M
10879374,2015,F
10879382,2016,F
10879390,2009,M
10879404,2010,F
10879412,2011,F
10879420,2013,F
10879439,2012,F
10879447,2009,F
10879455,2009,F
10879463,2016,F
10879471,2007,F
10879480,2015,F
10879498,2014,F
10879501,2011,F
10879510,2007,F
10879528,2009,F
10879536,2008,F
10879544,2008,F
10879552,2009,F
10879560,2016,F
10879579,2014,M
10879587,2014,F
10879595,2011,M
10879609,2011,M
10879617,2011,M
10879625,2011,M
10879633,2010,M
10879641,2014,M
10879650,2014,M
10879668,2013,M
10879676,2017,M
10879684,2009,F
10879692,2014,F
10879706,2016,M
10879714,2009,M
10879722,2013,M
10879730,2016,F
10879749,2014,F
10879757,2014,F
10879765,2009,F
10879773,2008,F
10879781,2009,F
10879790,2011,F
10879803,2012,F
10879811,2006,F
10879820,2012,M
10879838,2011,M
10879846,2007,M
10879854,2011,F
10879862,2011,F
10879870,2014,F
10879889,2015,M
10879897,2014,M
10879900,2006,M
10879919,2010,M
10879927,2012,F
10879935,2013,F
10879943,2016,M
10879951,2007,F
10879960,2014,F
10879978,2009,F
10879986,2014,M
10879994,2014,M
10880003,2012,M
10880011,2012,F
10880020,2010,F
10880038,2012,F
10880046,2011,F
10880054,2007,F
10880062,2006,F
10880070,2011,F
10880089,2012,F
10880097,2011,F
10880100,2014,F
10880119,2009,F
10880127,2009,F
10880135,2013,F
10880143,2007,F
10880151,2014,M
10880160,2014,F
10880178,2014,F
10880186,2015,F
10880194,2011,M
10880208,2017,F
10880216,2012,M
10880224,2008,M
10880232,2008,M
10880240,2010,M
10880259,2015,F
10880267,2011,M
10880275,2011,M
10880283,2008,M
10880291,2012,M
10880305,2016,M
10880313,2017,M
10880321,2007,M
10880330,2005,M
10880348,2006,M
10880356,2012,M
10880364,2016,M
10880372,2008,M
10880380,2009,M
10880399,2006,M
10880402,2007,M
10880410,2015,F
10880429,2014,F
10880437,2008,M
10880445,2016,M
10880453,2010,F
10880461,2016,F
10880470,2013,F
10880488,2012,M
10880496,2012,F
10880500,2015,F
10880518,2014,F
10880526,2015,M
10880534,2010,M
10880542,2008,F
10880550,2008,F
10880569,2008,F
10880577,2011,F
10880585,2007,F
10880593,2014,M
10880607,2006,M
10880615,2011,M
10880623,2014,M
10880631,2008,M
10880640,2013,M
10880658,2012,M
10880666,2006,M
10880674,2016,M
10880682,2007,F
10880690,2008,M
10880704,2015,F
10880712,2006,F
10880720,2009,F
10880739,2015,F
10880747,2015,F
10880755,2011,F
10880763,2007,F
10880771,2006,F
10880780,2007,F
10880798,2016,F
10880801,2016,F
10880810,2013,F
10880828,2010,M
10880836,2011,M
10880844,2011,M
10880852,2008,M
10880860,2008,M
10880879,2014,M
10880887,2007,M
10880895,2007,M
10880909,2007,M
10880917,2007,M
10880925,2012,M
10880933,2013,M
10880941,2010,M
10880950,2007,M
10880968,2016,M
10880976,2010,F
10880984,2011,M
10880992,2012,F
10881000,2010,M
10881018,2014,F
10881026,2011,F
10881034,2014,F
10881042,2010,M
10881050,2013,M
10881069,2007,F
10881077,2011,F
10881085,2007,F
10881093,2017,F
10881107,2008,F
10881115,2009,F
10881123,2016,M
10881131,2015,F
10881140,2012,F
10881158,2015,F
10881166,2011,F
10881174,2012,M
10881182,2014,F
10881190,2014,M
10881204,2016,M
10881212,2016,M
10881220,2010,F
10881239,2011,F
10881247,2016,F
10881255,2017,F
10881263,2014,F
10881271,2009,F
10881280,2014,F
10881298,2011,F
10881301,2010,F
10881310,2013,F
10881328,2012,F
10881336,2009,F
10881344,2016,F
10881352,2016,F
10881360,2018,F
10881379,2016,F
10881387,2013,F
10881395,2010,F
10881409,2009,F
10881417,2013,F
10881425,2012,F
10881433,2008,M
10881441,2014,M
10881450,2010,F
10881468,2016,F
10881476,2016,F
10881484,2008,F
10881492,2015,F
10881506,2013,F
10881514,2013,M
10881522,2006,M
10881530,2008,M
10881549,2012,M
10881557,2012,M
10881565,2014,M
10881573,2006,M
10881581,2015,M
10881590,2016,F
10881603,2014,M
10881611,2010,M
10881620,2014,M
10881638,2014,M
10881646,2013,M
10881654,2007,F
10881662,2012,M
10881670,2014,M
10881689,2009,M
10881697,2014,F
10881700,2014,F
10881719,2007,F
10881727,2007,F
10881735,2012,F
10881743,2009,F
10881751,2010,F
10881760,2013,F
10881778,2016,F
10881786,2009,M
10881794,2007,M
10881808,2014,M
10881816,2007,F
10881824,2015,M
10881832,2012,M
10881840,2014,M
10881859,2012,M
10881867,2012,M
10881875,2016,M
10881883,2014,F
10881891,2013,F
10881905,2013,M
10881913,2011,F
10881921,2014,F
10881930,2015,F
10881948,2016,F
10881956,2013,M
10881964,2014,M
10881972,2007,M
10881980,2014,F
10881999,2010,F
10882006,2006,F
10882014,2016,F
10882022,2010,M
10882030,2012,M
10882049,2013,M
10882057,2012,M
10882065,2012,M
10882073,2010,M
10882081,2014,M
10882090,2008,M
10882103,2016,M
10882111,2007,M
10882120,2018,F
10882138,2008,M
10882146,2009,M
10882154,2009,M
10882162,2008,F
10882170,2016,M
10882189,2011,M
10882197,2007,F
10882200,2013,M
10882219,2009,M
10882227,2015,M
10882235,2017,M
10882243,2013,M
10882251,2014,F
10882260,2007,F
10882278,2006,F
10882286,2007,F
10882294,2006,F
10882308,2006,M
10882316,2008,F
10882324,2008,F
10882332,2011,F
10882340,2010,M
10882359,2011,M
10882367,1997,M
10882375,1993,M
10882383,1988,M
10882391,1994,M
10882405,1982,M
10882413,1988,M
10882421,2002,M
10882430,2001,M
10882448,1974,M
10882456,2008,M
10882464,2012,M
10882472,1994,M
10882480,1998,M
10882499,2000,M
10882502,2002,M
10882510,1996,M
10882529,2013,M
10882537,2002,M
10882545,1992,M
10882553,1999,F
10882561,1998,M
10882570,2002,M
10882588,1999,F
10882596,2008,M
10882600,2012,M
10882618,2011,M
10882626,2011,M
10882634,2011,F
10882642,2014,F
10882650,2007,F
10882669,2013,F
10882677,2009,F
10882685,2010,M
10882693,2011,M
10882707,2011,F
10882715,2016,M
10882723,2012,M
10882731,2015,M
10882740,2013,M
10882758,2011,M
10882766,2011,M
10882774,2010,M
10882782,2010,M
10882790,2010,M
10882804,2010,M
10882812,2010,M
10882820,2014,M
10882839,2015,M
10882847,2015,M
10882855,2015,M
10882863,2014,M
10882871,2008,M
10882880,2008,M
10882898,2012,M
10882901,2012,M
10882910,2013,M
10882928,2013,M
10882936,2012,M
10882944,2012,M
10882952,2018,M
10882960,2006,M
10882979,2011,M
10882987,2011,F
10882995,2013,F
10883002,2007,F
10883010,2009,F
10883029,2014,F
10883037,2008,F
10883045,2012,M
10883053,2009,M
10883061,2010,F
10883070,2008,F
10883088,2008,F
10883096,2014,F
10883100,2006,M
10883118,2015,M
10883126,2012,F
10883134,2013,F
10883142,2016,M
10883150,2014,M
10883169,2016,M
10883177,2014,F
10883185,2014,M
10883193,2011,F
10883207,2010,M
10883215,2012,M
10883223,2012,M
10883231,2009,M
10883240,2016,M
10883258,2006,F
10883266,2015,M
10883274,2006,F
10883282,2008,F
10883290,2010,F
10883304,2008,F
10883312,2006,F
10883320,2006,F
10883339,2007,M
10883347,2007,F
10883355,2015,M
10883363,2014,M
10883371,2008,F
10883380,2013,M
10883398,2011,M
10883401,2008,F
10883410,2015,F
10883428,2014,F
10883436,2010,F
10883444,2009,F
10883452,2007,F
10883460,2013,F
10883479,2011,F
10883487,2014,F
10883495,2011,M
10883509,2010,M
10883517,2010,M
10883525,2010,M
10883533,2011,M
10883541,2010,M
10883550,2014,M
10883568,2012,M
10883576,2010,M
10883584,2009,M
10883592,2008,M
10883606,2008,M
10883614,2008,M
10883622,2012,M
10883630,2012,M
10883649,2013,M
10883657,2013,M
10883665,2016,M
10883673,2017,M
10883681,2007,M
10883690,2008,M
10883703,2006,M
10883711,2007,M
10883720,2007,M
10883738,2007,M
10883746,2015,F
10883754,2012,F
10883762,2014,F
10883770,2016,F
10883789,2017,F
10883797,2016,F
10883800,2009,F
10883819,2008,F
10883827,2014,F
10883835,2010,F
10883843,2013,M
10883851,2015,M
10883860,2009,M
10883878,2012,M
10883886,2013,M
10883894,2007,M
10883908,2010,F
10883916,2008,F
10883924,2013,M
10883932,2009,M
10883940,2014,F
10883959,2006,F
10883967,2007,F
10883975,2012,F
10883983,2008,M
10883991,2014,M
10884009,2009,F
10884017,2013,M
10884025,2013,M
10884033,2012,M
10884041,2012,M
10884050,2010,M
10884068,2012,M
10884076,2009,F
10884084,2016,M
10884092,2013,M
10884106,2012,M
10884114,2007,M
10884122,2011,F
10884130,2011,F
10884149,2013,M
10884157,2015,M
10884165,2008,M
10884173,2010,M
10884181,2011,M
10884190,2008,M
10884203,2014,M
10884211,2013,M
10884220,2016,M
10884238,2010,M
10884246,2014,M
10884254,2017,M
10884262,2014,M
10884270,2014,M
10884289,2008,M
10884297,2008,M
10884300,2009,M
10884319,2011,M
10884327,2010,M
10884335,2011,M
10884343,2013,M
10884351,2013,M
10884360,2013,M
10884378,2013,M
10884386,2013,M
10884394,2012,M
10884408,2016,M
10884416,2017,M
10884424,2007,M
10884432,2008,F
10884440,2012,M
10884459,2011,F
10884467,2015,F
10884475,2014,F
10884483,2008,M
10884491,2017,F
10884505,2007,M
10884513,2012,F
10884521,2010,F
10884530,2014,M
10884548,2011,M
10884556,2011,M
10884564,2010,M
10884572,2012,M
10884580,2007,M
10884599,2009,M
10884602,2014,M
10884610,2014,M
10884629,2009,M
10884637,2008,M
10884645,2010,M
10884653,2012,M
10884661,2010,M
10884670,2014,M
10884688,2007,M
10884696,2008,M
10884700,2012,M
10884718,2008,M
10884726,2008,F
10884734,2009,F
10884742,2010,M
10884750,2015,M
10884769,2008,F
10884777,2008,F
10884785,2014,M
10884793,2014,M
10884807,2017,M
10884815,2017,M
10884823,2007,M
10884831,2014,M
10884840,2011,M
10884858,2012,M
10884866,2016,F
10884874,2014,M
10884882,2018,M
10884890,2014,M
10884904,2011,M
10884912,2016,M
10884920,2010,M
10884939,2009,F
10884947,2009,F
10884955,2007,F
10884963,2007,F
10884971,2013,M
10884980,2014,M
10884998,2014,M
10885005,2015,F
10885013,2007,M
10885021,2008,F
10885030,2013,M
10885048,2008,M
10885056,2015,M
10885064,2015,M
10885072,2016,F
10885080,2017,F
10885099,2015,M
10885102,2014,M
10885110,2015,F
10885129,2015,F
10885137,2014,F
10885145,2018,F
10885153,2013,M
10885161,2013,F
10885170,2014,F
10885188,2014,F
10885196,2013,M
10885200,2011,M
10885218,2012,F
10885226,2018,M
10885234,2010,M
10885242,2008,F
10885250,2012,F
10885269,2018,F
10885277,2016,M
10885285,2011,F
10885293,2008,M
10885307,2012,F
10885315,2015,M
10885323,2010,F
10885331,2011,F
10885340,2011,F
10885358,2010,F
10885366,2010,F
10885374,2011,F
10885382,2011,F
10885390,2011,F
10885404,2011,F
10885412,2011,F
10885420,2011,F
10885439,2010,F
10885447,2010,F
10885455,2009,F
10885463,2012,F
10885471,2011,F
10885480,2010,F
10885498,2011,F
10885501,2009,F
10885510,2009,F
10885528,2011,F
10885536,2011,F
10885544,2011,F
10885552,2010,F
10885560,2011,F
10885579,2011,F
10885587,2011,F
10885595,2009,F
10885609,2010,F
10885617,2010,F
10885625,2010,F
10885633,2007,M
10885641,2006,M
10885650,2008,M
10885668,2006,M
10885676,2007,M
10885684,2008,M
10885692,2006,M
10885706,2007,M
10885714,2007,M
10885722,2005,M
10885730,2006,M
10885749,2005,M
10885757,2007,M
10885765,2006,M
10885773,2007,M
10885781,2006,M
10885790,2007,M
10885803,2007,M
10885811,2006,M
10885820,2006,M
10885838,2006,M
10885846,2007,M
10885854,2006,M
10885862,2006,M
10885870,2006,M
10885889,2007,M
10885897,2006,M
10885900,2007,M
10885919,2006,M
10885927,2007,M
10885935,2007,M
10885943,2006,M
10885951,2006,M
10885960,2007,M
10885978,2006,M
10885986,2006,M
10885994,2007,M
10886001,2006,M
10886010,2007,M
10886028,2008,M
10886036,2007,M
10886044,2007,M
10886052,2007,M
10886060,2009,M
10886079,2006,M
10886087,2006,M
10886095,2007,M
10886109,2007,M
10886117,2007,M
10886125,2006,M
10886133,2007,M
10886141,2006,M
10886150,2007,M
10886168,2007,M
10886176,2007,M
10886184,2007,M
10886192,2007,M
10886206,2007,M
10886214,2006,M
10886222,2007,M
10886230,2008,M
10886249,2006,M
10886257,2007,M
10886265,2006,M
10886273,2006,M
10886281,2007,M
10886290,2007,M
10886303,2006,M
10886311,2006,M
10886320,2006,M
10886338,2007,M
10886346,2007,M
10886354,2010,F
10886362,2010,F
10886370,2011,F
10886389,2011,F
10886397,2011,F
10886400,2010,F
10886419,2011,F
10886427,2010,F
10886435,2009,F
10886443,2010,F
10886451,2011,F
10886460,2009,F
10886478,2011,F
10886486,2011,F
10886494,2011,F
10886508,2006,M
10886516,2007,M
10886524,2006,M
10886532,2007,M
10886540,2006,M
10886559,2006,M
10886567,2006,M
10886575,2007,M
10886583,2007,M
10886591,2007,M
10886605,2006,M
10886613,2006,M
10886621,2006,M
10886630,2006,M
10886648,2007,M
10886656,2006,M
10886664,2006,M
10886672,2006,M
10886680,2007,M
10886699,2007,M
10886702,2006,M
10886710,2006,M
10886729,2006,M
10886737,2007,M
10886745,2007,F
10886753,2006,M
10886761,2007,M
10886770,2007,M
10886788,2007,M
10886796,2008,M
10886800,2007,M
10886818,2007,M
10886826,2007,M
10886834,2007,M
10886842,2007,M
10886850,2006,M
10886869,2007,M
10886877,2008,M
10886885,2007,M
10886893,2007,M
10886907,2007,M
10886915,2006,M
10886923,2007,M
10886931,2007,M
10886940,2006,M
10886958,2007,M
10886966,2007,M
10886974,2006,M
10886982,2006,M
10886990,2007,M
10887008,2007,M
10887016,2006,M
10887024,2006,M
10887032,2006,M
10887040,2007,M
10887059,2007,M
10887067,2007,M
10887075,2006,M
10887083,2007,M
10887091,2007,M
10887105,2007,M
10887113,2006,M
10887121,2007,M
10887130,2006,M
10887148,2006,M
10887156,2006,M
10887164,2007,M
10887172,2007,M
10887180,2006,M
10887199,2007,M
10887202,2007,M
10887210,2007,M
10887229,2007,M
10887237,2006,M
10887245,2006,M
10887253,2007,M
10887261,2006,M
10887270,2007,M
10887288,2008,M
10887296,2011,M
10887300,2008,M
10887318,2008,M
10887326,2009,M
10887334,2008,M
10887342,2008,M
10887350,2008,M
10887369,2008,M
10887377,2008,M
10887385,2009,M
10887393,2008,M
10887407,2008,M
10887415,2010,M
10887423,2008,M
10887431,2008,M
10887440,2008,M
10887458,2009,M
10887466,2008,M
10887474,2009,M
10887482,2009,M
10887490,2008,M
10887504,2008,M
10887512,2009,M
10887520,2009,M
10887539,2009,M
10887547,2008,M
10887555,2009,M
10887563,2008,M
10887571,2009,M
10887580,2008,M
10887598,2008,M
10887601,2008,M
10887610,2009,M
10887628,2009,M
10887636,2008,M
10887644,2008,M
10887652,2009,M
10887660,2008,M
10887679,2009,M
10887687,2008,M
10887695,2008,M
10887709,2009,M
10887717,2008,M
10887725,2008,M
10887733,2009,M
10887741,2008,M
10887750,2008,M
10887768,2008,M
10887776,2008,M
10887784,2009,M
10887792,2008,M
10887806,2009,M
10887814,2009,M
10887822,2008,M
10887830,2009,M
10887849,2008,M
10887857,2008,M
10887865,2008,M
10887873,2009,M
10887881,2008,M
10887890,2009,M
10887903,2008,M
10887911,2008,M
10887920,2008,M
10887938,2009,M
10887946,2008,M
10887954,2008,M
10887962,2008,M
10887970,2009,M
10887989,2008,M
10887997,2008,M
10888004,2008,M
10888012,2009,M
10888020,2009,M
10888039,2008,M
10888047,2008,M
10888055,2009,M
10888063,2008,M
10888071,2008,M
10888080,2008,M
10888098,2008,M
10888101,2008,M
10888110,2009,M
10888128,2008,M
10888136,2008,M
10888144,2009,M
10888152,2008,M
10888160,2008,M
10888179,2008,M
10888187,2008,M
10888195,2009,M
10888209,2008,M
10888217,2015,M
10888225,2009,M
10888233,2008,M
10888241,2008,M
10888250,2008,M
10888268,2008,M
10888276,2008,M
10888284,2008,M
10888292,2008,M
10888306,2008,M
10888314,2009,M
10888322,2009,M
10888330,2008,M
10888349,2008,M
10888357,2009,M
10888365,2008,M
10888373,2008,M
10888381,2008,M
10888390,2008,M
10888403,2009,M
10888411,2008,M
10888420,2008,M
10888438,2009,M
10888446,2008,M
10888454,2008,M
10888462,2009,M
10888470,2008,M
10888489,2008,M
10888497,2008,M
10888500,2008,M
10888519,2008,M
10888527,2008,M
10888535,2008,M
10888543,2009,M
10888551,2010,F
10888560,2011,F
10888578,2011,F
10888586,2010,M
10888594,2010,F
10888608,2009,F
10888616,2010,F
10888624,2008,F
10888632,2008,F
10888640,2008,F
10888659,2009,F
10888667,2009,F
10888675,2009,F
10888683,2009,F
10888691,2008,F
10888705,2009,F
10888713,2009,F
10888721,2009,F
10888730,2009,F
10888748,2007,F
10888756,2009,F
10888764,2009,F
10888772,2008,F
10888780,2008,F
10888799,2009,F
10888802,2008,F
10888810,2008,F
10888829,2008,F
10888837,2008,F
10888845,2008,F
10888853,2006,F
10888861,2007,F
10888870,2007,F
10888888,2007,F
10888896,2007,F
10888900,2006,F
10888918,2007,F
10888926,2006,F
10888934,2007,F
10888942,2007,F
10888950,2007,F
10888969,2007,F
10888977,2009,F
10888985,2006,F
10888993,2007,F
10889000,2010,F
10889019,2006,F
10889027,2007,F
10889035,2006,F
10889043,2006,F
10889051,2006,F
10889060,2007,F
10889078,2007,F
10889086,2006,F
10889094,2007,F
10889108,2007,F
10889116,2007,F
10889124,2007,F
10889132,2007,F
10889140,2007,F
10889159,2007,F
10889167,2007,F
10889175,2006,F
10889183,2007,F
10889191,2006,F
10889205,2007,F
10889213,2007,F
10889221,2007,F
10889230,2006,M
10889248,2006,F
10889256,2006,F
10889264,2007,F
10889272,2007,F
10889280,2006,F
10889299,2007,F
10889302,2006,F
10889310,2006,F
10889329,2007,F
10889337,2006,F
10889345,2007,F
10889353,2006,F
10889361,2006,F
10889370,2006,F
10889388,2006,F
10889396,2006,F
10889400,2007,F
10889418,2007,F
10889426,2007,F
10889434,2007,F
10889442,2007,F
10889450,2007,F
10889469,2007,F
10889477,2010,F
10889485,2010,F
10889493,2012,F
10889507,2010,F
10889515,2010,F
10889523,2010,F
10889531,2010,F
10889540,2010,F
10889558,2010,F
10889566,2010,F
10889574,2010,F
10889582,2008,F
10889590,2010,F
10889604,2009,F
10889612,2009,F
10889620,2009,F
10889639,2008,F
10889647,2010,F
10889655,2008,F
10889663,2008,F
10889671,2011,F
10889680,2009,F
10889698,2009,F
10889701,2009,F
10889710,2010,F
10889728,2008,F
10889736,2009,F
10889744,2008,F
10889752,2008,F
10889760,2010,F
10889779,2008,F
10889787,2008,F
10889795,2010,F
10889809,2009,F
10889817,2011,F
10889825,2008,F
10889833,2008,F
10889841,2009,F
10889850,2010,F
10889868,2008,F
10889876,2009,F
10889884,2009,F
10889892,2010,F
10889906,2008,F
10889914,2008,F
10889922,2009,F
10889930,2009,F
10889949,2012,F
10889957,2008,F
10889965,2010,F
10889973,2010,F
10889981,2008,F
10889990,2008,F
10890009,2010,F
10890017,2008,F
10890025,2010,F
10890033,2010,F
10890041,2009,F
10890050,2009,F
10890068,2008,F
10890076,2009,F
10890084,2008,F
10890092,2008,F
10890106,2009,F
10890114,2008,F
10890122,2008,F
10890130,2009,F
10890149,2008,F
10890157,2008,F
10890165,2009,F
10890173,2008,F
10890181,2008,F
10890190,2008,F
10890203,2008,F
10890211,2008,F
10890220,2008,F
10890238,2008,F
10890246,2008,F
10890254,2009,F
10890262,2008,F
10890270,2009,F
10890289,2009,F
10890297,2009,F
10890300,2009,F
10890319,2008,F
10890327,2008,F
10890335,2009,F
10890343,2009,F
10890351,2009,F
10890360,2009,F
10890378,2008,F
10890386,2008,F
10890394,2008,F
10890408,2008,F
10890416,2009,F
10890424,2008,F
10890432,2008,F
10890440,2009,F
10890459,2009,F
10890467,2009,F
10890475,2009,F
10890483,2008,F
10890491,2008,F
10890505,2009,F
10890513,2009,F
10890521,2009,F
10890530,2009,F
10890548,2008,F
10890556,2008,F
10890564,2007,M
10890572,2010,F
10890580,2011,F
10890599,2011,F
10890602,2012,F
10890610,2011,F
10890629,2011,F
10890637,2011,F
10890645,2011,F
10890653,2011,F
10890661,2003,M
10890670,2002,F
10890688,2001,M
10890696,2007,M
10890700,2004,F
10890718,2004,M
10890726,2000,M
10890734,1993,M
10890742,1999,M
10890750,1972,F
10890769,1994,M
10890777,1992,F
10890785,1997,M
10890793,2003,M
10890807,1994,F
10890815,2014,M
10890823,2003,M
10890831,2004,M
10890840,2003,M
10890858,2003,F
10890866,2004,F
10890874,2003,F
10890882,2003,F
10890890,2002,M
10890904,1977,M
10890912,2006,F
10890920,2000,M
10890939,2000,M
10890947,2002,M
10890955,1999,M
10890963,1985,F
10890971,1972,M
10890980,2003,M
10890998,1988,M
10891005,1989,M
10891013,2006,F
10891021,2003,F
10891030,2006,F
10891048,2005,F
10891056,1990,M
10891064,2001,F
10891072,2002,F
10891080,2010,M
10891099,2011,M
10891102,2010,M
10891110,2010,M
10891129,2011,M
10891137,2005,M
10891145,2016,F
10891153,2014,M
10891161,2004,M
10891170,2006,M
10891188,1984,M
10891196,2011,M
10891200,2013,F
10891218,2008,M
10891226,2012,M
10891234,1999,F
10891242,1986,M
10891250,1988,M
10891269,1989,F
10891277,2014,M
10891285,2015,M
10891293,1980,M
10891307,2000,F
10891315,2008,F
10891323,2008,F
10891331,2009,F
10891340,2008,F
10891358,2008,F
10891366,2007,F
10891374,2010,F
10891382,2010,F
10891390,2008,F
10891404,2008,F
10891412,2008,F
10891420,2006,M
10891439,2009,M
10891447,2000,M
10891455,2006,M
10891463,1996,M
10891471,2009,F
10891480,2009,F
10891498,2005,F
10891501,2010,F
10891510,2008,F
10891528,1990,F
10891536,2003,M
10891544,2005,M
10891552,1982,F
10891560,1981,F
10891579,2011,F
10891587,1990,M
10891595,1987,F
10891609,1990,F
10891617,2000,F
10891625,2002,M
10891633,2013,M
10891641,2009,M
10891650,1998,M
10891668,2003,M
10891676,2001,M
10891684,2006,M
10891692,1987,M
10891706,2010,M
10891714,2010,M
10891722,2010,M
10891730,2010,F
10891749,2004,F
10891757,2002,M
10891765,1985,F
10891773,1981,M
10891781,2014,M
10891790,1988,M
10891803,2002,M
10891811,2009,M
10891820,2003,M
10891838,2011,M
10891846,2005,M
10891854,2009,M
10891862,2009,M
10891870,2007,M
10891889,2008,M
10891897,2009,M
10891900,2009,M
10891919,2008,M
10891927,2009,M
10891935,2009,M
10891943,2009,M
10891951,2008,M
10891960,2007,M
10891978,2006,F
10891986,2008,M
10891994,2009,M
10892001,2008,M
10892010,2009,F
10892028,2008,F
10892036,2009,F
10892044,2010,F
10892052,2009,F
10892060,2009,F
10892079,2009,F
10892087,2009,F
10892095,2009,F
10892109,2009,F
10892117,2009,F
10892125,2009,F
10892133,2010,F
10892141,2007,F
10892150,2009,F
10892168,2008,F
10892176,2008,F
10892184,2009,F
10892192,2006,M
10892206,2005,M
10892214,2010,M
10892222,2012,M
10892230,2011,F
10892249,2012,F
10892257,2012,M
10892265,2011,M
10892273,2012,M
10892281,2012,M
10892290,2012,M
10892303,2013,M
10892311,2013,M
10892320,2013,M
10892338,2013,F
10892346,2013,M
10892354,2008,M
10892362,2009,F
10892370,2011,M
10892389,2009,M
10892397,2010,M
10892400,2010,M
10892419,2007,M
10892427,2007,M
10892435,2007,M
10892443,2007,M
10892451,2005,M
10892460,2007,M
10892478,2005,M
10892486,2007,M
10892494,2006,M
10892508,2006,M
10892516,2005,M
10892524,2001,M
10892532,2000,F
10892540,1995,M
10892559,2001,M
10892567,2005,M
10892575,2009,M
10892583,2004,M
10892591,2002,F
10892605,2005,M
10892613,2005,M
10892621,1997,M
10892630,2005,M
10892648,2005,F
10892656,2002,F
10892664,2006,F
10892672,2007,M
10892680,2003,M
10892699,2005,M
10892702,2007,M
10892710,2010,M
10892729,2010,M
10892737,2010,M
10892745,2010,M
10892753,2010,M
10892761,2010,M
10892770,2010,M
10892788,2010,M
10892796,2010,M
10892800,2010,M
10892818,2007,M
10892826,2011,M
10892834,2011,F
10892842,2002,F
10892850,2010,M
10892869,2006,M
10892877,2006,F
10892885,2003,M
10892893,2011,M
10892907,2017,M
10892915,2013,F
10892923,2015,M
10892931,2012,M
10892940,2018,M
10892958,2014,F
10892966,2001,M
10892974,2003,M
10892982,2005,F
10892990,2008,M
10893008,2005,F
10893016,2005,M
10893024,2008,M
10893032,2012,M
10893040,2012,F
10893059,2002,M
10893067,2000,M
10893075,2001,M
10893083,2003,F
10893091,2013,M
10893105,1999,M
10893113,2003,F
10893121,2004,F
10893130,2005,F
10893148,2000,F
10893156,1998,M
10893164,1994,F
10893172,1995,M
10893180,1994,M
10893199,2005,F
10893202,2005,M
10893210,2006,F
10893229,1989,M
10893237,1999,M
10893245,2008,M
10893253,2015,M
10893261,2015,F
10893270,2008,M
10893288,2017,M
10893296,2018,M
10893300,1991,M
10893318,2013,M
10893326,2016,M
10893334,2018,M
10893342,2013,F
10893350,2014,M
10893369,2017,M
10893377,1999,M
10893385,2016,F
10893393,2013,M
10893407,2016,M
10893415,2019,M
10893423,2016,F
10893431,2011,F
10893440,2012,F
10893458,2012,M
10893466,2012,M
10893474,2017,M
10893482,2014,M
10893490,2015,M
10893504,2014,M
10893512,2013,M
10893520,2014,M
10893539,1998,M
10893547,2015,F
10893555,2018,F
10893563,2016,M
10893571,2019,M
10893580,2003,M
10893598,2004,M
10893601,2016,F
10893610,1999,M
10893628,2015,M
10893636,2016,M
10893644,2017,M
10893652,2016,M
10893660,2015,M
10893679,1984,M
10893687,1999,M
10893695,1989,F
10893709,1995,M
10893717,1996,F
10893725,1998,M
10893733,1986,M
10893741,1985,F
10893750,1987,F
10893768,1998,F
10893776,1973,M
10893784,1982,F
10893792,1966,M
10893806,2007,M
10893814,2002,F
10893822,1998,M
10893830,2009,M
10893849,2000,F
10893857,2000,M
10893865,2000,M
10893873,1978,M
10893881,2002,M
10893890,2004,M
10893903,2000,M
10893911,2004,M
10893920,2004,M
10893938,1999,M
10893946,2001,M
10893954,1999,M
10893962,2002,M
10893970,1997,M
10893989,2008,M
10893997,2004,M
10894004,2004,F
10894012,2002,F
10894020,2004,M
10894039,2004,F
10894047,2004,F
10894055,2006,F
10894063,2008,F
10894071,2012,F
10894080,2015,F
10894098,2013,F
10894101,2006,M
10894110,2018,M
10894128,2009,M
10894136,2011,M
10894144,2009,M
10894152,2013,M
10894160,2004,M
10894179,2014,M
10894187,2001,M
10894195,2003,M
10894209,2001,F
10894217,2003,F
10894225,2010,F
10894233,1988,M
10894241,1990,M
10894250,2002,M
10894268,2019,F
10894276,2015,F
10894284,2006,F
10894292,2010,M
10894306,2017,M
10894314,2002,M
10894322,1990,M
10894330,1981,M
10894349,1996,M
10894357,2009,M
10894365,2012,M
10894373,2010,M
10894381,2000,M
10894390,2002,M
10894403,1999,M
10894411,2011,M
10894420,2015,M
10894438,2013,F
10894446,2018,M
10894454,2013,F
10894462,2014,M
10894470,2013,M
10894489,2009,M
10894497,2006,M
10894500,2019,M
10894519,2018,M
10894527,2018,M
10894535,2017,F
10894543,2017,F
10894551,2016,M
10894560,2016,M
10894578,2015,M
10894586,2015,M
10894594,2015,M
10894608,2015,M
10894616,2015,M
10894624,2014,M
10894632,2014,M
10894640,2014,M
10894659,2014,M
10894667,2014,F
10894675,2014,M
10894683,2013,M
10894691,2013,M
10894705,2013,M
10894713,2012,M
10894721,2012,M
10894730,2012,M
10894748,2011,F
10894756,2011,M
10894764,2010,M
10894772,2010,F
10894780,2010,F
10894799,2010,F
10894802,2009,M
10894810,1968,M
10894829,2013,M
10894837,2012,F
10894845,2013,F
10894853,2011,M
10894861,2001,M
10894870,2006,M
10894888,2004,M
10894896,2007,M
10894900,2005,F
10894918,2006,F
10894926,2004,F
10894934,2002,F
10894942,2004,F
10894950,2005,M
10894969,2000,M
10894977,1998,M
10894985,2000,F
10894993,2008,M
10895000,2005,M
10895019,2013,M
10895027,2014,M
10895035,2010,M
10895043,2014,M
10895051,2001,M
10895060,2002,M
10895078,2011,F
10895086,1985,M
10895094,2012,M
10895108,2011,F
10895116,2008,M
10895124,2012,M
10895132,2016,M
10895140,2015,M
10895159,2004,M
10895167,2011,F
10895175,1993,M
10895183,2012,M
10895191,2013,M
10895205,2013,M
10895213,2011,F
10895221,2002,M
10895230,2003,F
10895248,2003,M
10895256,2006,M
10895264,2003,F
10895272,2003,F
10895280,2005,F
10895299,2011,F
10895302,2008,F
10895310,2001,M
10895329,1986,M
10895337,1999,F
10895345,1995,M
10895353,1990,M
10895361,1999,M
10895370,2013,M
10895388,2004,M
10895396,2009,M
10895400,1989,M
10895418,2005,M
10895426,1997,M
10895434,1999,M
10895442,1982,M
10895450,2001,M
10895469,2009,M
10895477,1989,M
10895485,1996,F
10895493,1997,M
10895507,2003,F
10895515,2003,M
10895523,1984,M
10895531,1999,M
10895540,1999,M
10895558,2002,M
10895566,1994,M
10895574,2000,M
10895582,2003,M
10895590,2016,M
10895604,2012,M
10895612,2016,F
10895620,2017,M
10895639,2012,F
10895647,2009,M
10895655,2013,M
10895663,2018,M
10895671,2013,F
10895680,2015,M
10895698,2018,M
10895701,2012,M
10895710,2018,M
10895728,2016,M
10895736,2016,M
10895744,2016,M
10895752,2014,F
10895760,2012,M
10895779,2016,M
10895787,2011,M
10895795,2009,F
10895809,2009,F
10895817,2007,M
10895825,2008,M
10895833,2007,F
10895841,2011,M
10895850,2010,M
10895868,2010,M
10895876,2009,M
10895884,2011,M
10895892,2013,M
10895906,2013,M
10895914,2015,M
10895922,2014,M
10895930,2015,M
10895949,2011,M
10895957,1991,M
10895965,1995,M
10895973,1999,M
10895981,1985,M
10895990,2000,M
10896007,2001,F
10896015,2017,M
10896023,2002,M
10896031,1996,M
10896040,2008,M
10896058,2006,M
10896066,2000,M
10896074,2009,M
10896082,2008,M
10896090,1999,F
10896104,1984,M
10896112,2005,M
10896120,1963,M
10896139,2000,M
10896147,1952,M
10896155,2008,M
10896163,2003,M
10896171,2004,M
10896180,2003,M
10896198,2002,F
10896201,2002,M
10896210,1998,M
10896228,2010,M
10896236,2005,M
10896244,2016,M
10896252,1995,M
10896260,2005,M
10896279,2002,M
10896287,2000,M
10896295,2011,F
10896309,1993,M
10896317,1960,M
10896325,2007,M
10896333,1991,M
10896341,1981,M
10896350,2000,M
10896368,1995,M
10896376,2005,M
10896384,2006,M
10896392,1997,M
10896406,2003,M
10896414,1999,M
10896422,2003,M
10896430,2002,M
10896449,2003,M
10896457,2004,M
10896465,2002,M
10896473,2002,M
10896481,1981,M
10896490,2001,M
10896503,2004,M
10896511,2017,M
10896520,1994,M
10896538,2010,M
10896546,2017,M
10896554,2014,F
10896562,1995,M
10896570,2011,M
10896589,1986,M
10896597,2010,F
10896600,1985,M
10896619,1984,M
10896627,2004,F
10896635,2002,M
10896643,1993,M
10896651,2006,M
10896660,2005,M
10896678,1991,M
10896686,1998,M
10896694,2004,M
10896708,2009,F
10896716,2010,F
10896724,2008,F
10896732,2009,F
10896740,2003,F
10896759,2011,F
10896767,2009,F
10896775,2008,F
10896783,2003,F
10896791,2004,F
10896805,1988,M
10896813,2009,M
10896821,2006,M
10896830,2009,M
10896848,1999,M
10896856,1978,M
10896864,2011,M
10896872,2007,M
10896880,1980,M
10896899,2009,M
10896902,2006,M
10896910,2005,M
10896929,2004,M
10896937,2003,M
10896945,2008,M
10896953,2012,M
10896961,2010,M
10896970,2002,M
10896988,1998,M
10896996,2000,M
10897003,1995,M
10897011,2006,M
10897020,1998,M
10897038,2008,M
10897046,1997,M
10897054,2009,M
10897062,2008,M
10897070,2010,M
10897089,2011,M
10897097,1996,M
10897100,2008,M
10897119,2002,M
10897127,2001,M
10897135,2001,M
10897143,1991,M
10897151,1989,M
10897160,2005,M
10897178,2009,M
10897186,2012,F
10897194,2016,F
10897208,2016,F
10897216,2016,F
10897224,2016,F
10897232,2015,F
10897240,2014,F
10897259,2015,F
10897267,2016,F
10897275,2009,F
10897283,2011,M
10897291,2007,M
10897305,2007,M
10897313,2009,M
10897321,2011,M
10897330,2009,M
10897348,2013,M
10897356,2012,M
10897364,2014,M
10897372,2011,M
10897380,2012,M
10897399,2015,M
10897402,2015,M
10897410,2013,M
10897429,2014,M
10897437,1982,M
10897445,1999,M
10897453,1997,M
10897461,2010,M
10897470,1978,M
10897488,1992,M
10897496,2016,M
10897500,2013,M
10897518,2014,M
10897526,2014,M
10897534,2007,M
10897542,2007,M
10897550,2009,M
10897569,2009,M
10897577,2008,M
10897585,2009,M
10897593,2004,M
10897607,2007,M
10897615,2007,M
10897623,2003,M
10897631,2000,M
10897640,2003,M
10897658,2008,M
10897666,2008,F
10897674,1995,M
10897682,2001,F
10897690,2003,M
10897704,2014,M
10897712,2017,M
10897720,2016,M
10897739,2011,M
10897747,2010,M
10897755,2011,M
10897763,2002,M
10897771,1972,M
10897780,2006,M
10897798,2004,M
10897801,2008,M
10897810,2001,M
10897828,2002,M
10897836,2003,M
10897844,2003,M
10897852,2002,M
10897860,2013,M
10897879,2008,M
10897887,2007,M
10897895,2015,M
10897909,2011,M
10897917,2017,M
10897925,2017,M
10897933,2002,M
10897941,2017,F
10897950,1985,F
10897968,2017,M
10897976,2017,M
10897984,2008,M
10897992,2006,M
10898000,2002,M
10898018,2010,M
10898026,2010,F
10898034,2000,M
10898042,2008,M
10898050,2011,F
10898069,2001,M
10898077,2000,M
10898085,2002,M
10898093,2014,M
10898107,2001,M
10898115,2013,F
10898123,2012,M
10898131,2012,M
10898140,2003,M
10898158,2012,M
10898166,2006,M
10898174,2012,M
10898182,2011,M
10898190,2012,F
10898204,2005,M
10898212,2005,M
10898220,2001,M
10898239,2012,M
10898247,2009,M
10898255,2012,F
10898263,2005,F
10898271,2005,F
10898280,2011,F
10898298,2003,M
10898301,2015,M
10898310,2012,M
10898328,2013,M
10898336,2004,M
10898344,2003,M
10898352,2004,M
10898360,2003,M
10898379,2011,M
10898387,2007,F
10898395,2005,M
10898409,2011,M
10898417,2000,M
10898425,2005,M
10898433,2001,M
10898441,1993,M
10898450,2003,F
10898468,1969,M
10898476,2011,F
10898484,2003,F
10898492,2005,M
10898506,2000,F
10898514,1999,M
10898522,1999,M
10898530,1997,M
10898549,1975,M
10898557,2000,M
10898565,2013,F
10898573,2017,F
10898581,2003,F
10898590,2005,F
10898603,2019,M
10898611,1993,M
10898620,2000,M
10898638,2000,F
10898646,1999,F
10898654,2003,F
10898662,2014,F
10898670,2013,F
10898689,2014,F
10898697,2017,M
10898700,2017,M
10898719,2015,F
10898727,2011,F
10898735,2015,F
10898743,2010,F
10898751,2017,M
10898760,2016,F
10898778,2012,M
10898786,2013,M
10898794,2014,F
10898808,2011,F
10898816,2016,M
10898824,2019,F
10898832,2017,F
10898840,2016,F
10898859,2018,M
10898867,2003,F
10898875,2005,M
10898883,2002,M
10898891,2004,M
10898905,2005,F
10898913,2004,M
10898921,2002,M
10898930,2005,M
10898948,1998,F
10898956,2004,F
10898964,2003,M
10898972,2003,M
10898980,2002,M
10898999,2000,M
10899006,2011,M
10899014,2007,M
10899022,1984,F
10899030,2003,F
10899049,1987,M
10899057,2000,M
10899065,2013,M
10899073,2016,M
10899081,2015,M
10899090,2019,F
10899103,2011,F
10899111,2016,F
10899120,2005,F
10899138,2016,F
10899146,2015,M
10899154,2001,M
10899162,2014,M
10899170,2014,M
10899189,2012,M
10899197,2014,M
10899200,2015,M
10899219,1987,M
10899227,2018,M
10899235,2006,M
10899243,1994,M
10899251,2015,M
10899260,2001,M
10899278,2017,M
10899286,1990,M
10899294,1981,M
10899308,2011,M
10899316,2001,M
10899324,2004,M
10899332,2010,M
10899340,1994,M
10899359,2004,M
10899367,2010,M
10899375,2008,F
10899383,2015,F
10899391,2009,F
10899405,2008,F
10899413,2009,F
10899421,2008,F
10899430,2009,F
10899448,2008,F
10899456,2009,F
10899464,2018,M
10899472,2009,F
10899480,2018,M
10899499,2018,F
10899502,2016,M
10899510,2017,M
10899529,2016,M
10899537,2016,M
10899545,2017,M
10899553,2018,M
10899561,2018,M
10899570,2016,M
10899588,2018,M
10899596,2017,M
10899600,2016,M
10899618,2016,M
10899626,2017,M
10899634,2018,M
10899642,2016,M
10899650,2017,M
10899669,2018,M
10899677,2016,M
10899685,2016,M
10899693,2016,M
10899707,2016,M
10899715,2017,M
10899723,2018,M
10899731,2016,M
10899740,2018,M
10899758,2017,M
10899766,2016,M
10899774,2018,M
10899782,2018,M
10899790,2016,M
10899804,2017,M
10899812,2016,M
10899820,2018,M
10899839,2018,M
10899847,2016,M
10899855,2018,M
10899863,2018,M
10899871,2016,M
10899880,2018,M
10899898,2018,M
10899901,2016,M
10899910,2016,M
10899928,2016,M
10899936,2017,M
10899944,2017,M
10899952,2016,M
10899960,2018,M
10899979,2018,M
10899987,2018,M
10899995,2016,F
14318024,2005,M
46641718,2001,M
380093769,2007,M
380105180,2012,M
554000017,2011,M
554000025,2013,F
554000033,2015,M
554000041,2015,F
554000050,2002,M
554000068,2004,M
554000076,2005,M
554000084,1996,M
554000092,2005,M
554000106,2005,F
554000114,1995,M
554000122,2006,M
554000130,2004,M
554000149,2001,M
554000157,2014,M
554000165,2015,F
554000173,2017,F
554000181,2013,F
554000190,2006,M
554000203,2006,M
554000211,2016,M
554000220,2013,M
554000238,2015,M
554000246,2016,F
554000254,2000,M
554000262,2013,M
554000270,2002,M
554000289,2015,M
554000297,2013,F
554000300,2013,M
554000319,2016,F
554000327,2016,M
554000335,2004,F
554000343,2016,F
554000351,1999,M
554000360,2003,M
554000378,2003,M
554000386,2005,F
554000394,2001,F
554000408,2004,M
554000416,2005,M
554000424,2005,M
554000432,2004,M
554000440,2007,M
554000459,1999,M
554000467,2003,M
554000475,2004,M
554000483,2009,M
554000491,2001,M
554000505,2008,M
554000513,2008,M
554000521,2008,M
554000530,2008,M
554000548,2009,M
554000556,2008,M
554000564,2009,M
554000572,2009,M
554000580,2008,M
554000599,2010,M
554000602,2008,M
554000610,2008,M
554000629,2009,M
554000637,2009,M
554000645,2008,M
554000653,2008,M
554000661,2008,M
554000670,2009,M
554000688,2009,M
554000696,2008,M
554000700,2008,M
554000718,2008,F
554000726,2011,F
554000734,2011,F
554000742,2010,F
554000750,2010,F
554000769,2011,F
554000777,2011,F
554000785,2011,F
554000793,2011,F
554000807,2010,F
554000815,2010,F
554000823,2011,F
554000831,2011,F
554000840,2011,F
554000858,2011,F
554000866,2006,M
554000874,2005,M
554000882,2005,M
554000890,2010,M
554000904,2010,M
554000912,2011,M
554000920,2010,M
554000939,2011,M
554000947,2010,M
554000955,2011,M
554000963,2010,M
554000971,2011,M
554000980,2010,M
554000998,2017,F
554001005,2016,F
554001013,2016,F
554001021,2018,F
554001030,2016,M
554001048,2016,F
554001056,2018,F
554001064,2016,F
554001072,2018,F
554001080,2015,F
554001099,2016,F
554001102,2016,F
554001110,2018,F
554001129,2018,F
554001137,2018,F
554001145,2018,F
554001153,2016,F
554001161,2018,F
554001170,2017,F
554001188,2018,F
554001196,2016,F
554001200,2016,F
554001218,2018,F
554001226,2016,F
554001234,2016,F
554001242,2016,F
554001250,2018,F
554001269,2018,F
554001277,2016,F
554001285,2016,F
554001293,2016,F
554001307,2016,F
554001315,2018,F
554001323,2014,M
554001331,2015,M
554001340,2014,M
554001358,2014,M
554001366,2014,M
554001374,2015,M
554001382,2014,M
554001390,2015,M
554001404,2015,M
554001412,2014,M
554001420,2015,M
554001439,2014,M
554001447,2015,M
554001455,2015,M
554001463,2014,M
554001471,2014,M
554001480,2014,M
554001498,2014,M
554001501,2014,M
554001510,2014,M
554001528,2014,M
554001536,2014,M
554001544,2014,M
554001552,2015,M
554001560,2014,M
554001579,2015,M
554001587,2014,M
554001595,2014,M
554001609,2014,M
554001617,2015,M
554001625,2014,M
554001633,2014,M
554001641,2014,M
554001650,2014,M
554001668,2015,M
554001676,2015,M
554001684,2014,M
554001692,2015,M
554001706,2014,M
554001714,2015,M
554001722,2014,M
554001730,2014,M
554001749,2015,M
554001757,2014,M
554001765,2014,M
554001773,2014,M
554001781,2014,M
554001790,2014,M
554001803,2015,M
554001811,2014,M
554001820,2014,M
554001838,2014,M
554001846,2014,M
554001854,2014,M
554001862,2015,M
554001870,2014,M
554001889,2014,M
554001897,2014,M
554001900,2015,M
554001919,2014,F
554001927,2015,F
554001935,2014,M
554001943,2014,F
554001951,2014,F
554001960,2014,F
554001978,2014,F
554001986,2014,F
554001994,2012,F
554002001,2014,F
554002010,2014,F
554002028,2012,F
554002036,2015,F
554002044,2014,F
554002052,2012,F
554002060,2013,F
554002079,2012,F
554002087,2015,F
554002095,2015,F
554002109,2015,F
554002117,2014,F
554002125,2014,F
554002133,2013,F
554002141,2012,F
554002150,2014,F
554002168,2012,F
554002176,2014,F
554002184,2012,F
554002192,2014,F
554002206,2014,F
554002214,2015,F
554002222,2014,F
554002230,2012,F
554002249,2015,F
554002257,2012,F
554002265,2013,F
554002273,2018,M
554002281,2012,F
554002290,2012,F
554002303,2012,F
554002311,2012,F
554002320,2012,F
554002338,2016,F
554002346,2013,F
554002354,2013,M
554002362,2012,M
554002370,2012,M
554002389,2012,M
554002397,2013,M
554002400,2012,M
554002419,2012,M
554002427,2012,M
554002435,2013,M
554002443,2012,M
554002451,2012,M
554002460,2013,M
554002478,2012,M
554002486,2012,M
554002494,2012,M
554002508,2012,M
554002516,2012,M
554002524,2012,M
554002532,2012,M
554002540,2013,M
554002559,2009,F
554002567,2013,M
554002575,2013,M
554002583,2009,F
554002591,2012,M
554002605,2012,M
554002613,2013,M
554002621,2012,M
554002630,2012,M
554002648,2009,F
554002656,2012,M
554002664,2009,F
554002672,2009,F
554002680,2009,F
554002699,2009,F
554002702,2013,M
554002710,2013,M
554002729,2012,M
554002737,2012,M
554002745,2012,M
554002753,2013,M
554002761,2012,M
554002770,2012,M
554002788,2013,M
554002796,2012,M
554002800,2012,M
554002818,2013,M
554002826,2012,M
554002834,2013,M
554002842,2012,M
554002850,2013,M
554002869,2012,M
554002877,2013,M
554002885,2013,M
554002893,2012,M
554002907,2012,M
554002915,2011,M
554002923,2010,M
554002931,2011,M
554002940,2012,M
554002958,2011,M
554002966,2011,M
554002974,2010,M
554002982,2011,M
554002990,2010,M
554003008,2010,M
554003016,2011,M
554003024,2012,M
554003032,2010,M
554003040,2010,M
554003059,2011,M
554003067,2013,M
554003075,2016,M
554003083,2016,M
554003091,2010,M
554003105,2010,M
554003113,2017,M
554003121,2017,M
554003130,2008,M
554003148,2008,M
554003156,2008,M
554003164,2008,M
554003172,2008,M
554003180,2008,M
554003199,2011,M
554003202,2011,M
554003210,2010,M
554003229,2010,M
554003237,1992,M
554003245,2016,M
554003253,2019,M
554003261,2014,M
554003270,2014,M
554003288,2014,M
554003296,2012,M
554003300,2013,M
554003318,2012,M
554003326,2012,M
554003334,2014,F
554003342,2014,F
554003350,2012,M
554003369,2017,M
554003377,2012,M
554003385,2015,M
554003393,2015,M
554003407,2015,M
554003415,2015,M
554003423,2018,M
554003431,2018,M
554003440,2011,M
554003458,2011,M
554003466,2011,M
554003474,2011,M
554003482,2009,M
554003490,2009,M
554003504,2009,M
554003512,2011,M
554003520,2009,M
554003539,2011,M
554003547,2009,M
554003555,1980,M
554003563,1998,M
554003571,2011,M
554003580,2012,M
554003598,2017,M
554003601,2013,M
554003610,2013,M
554003628,2016,F
554003636,2016,M
554003644,2016,F
554003652,2013,F
554003660,2016,F
554003679,2017,M
554003687,2013,M
554003695,2011,F
554003709,1988,M
554003717,2006,F
554003725,2005,M
554003733,2009,F
554003741,1971,M
554003750,2003,M
554003768,1991,F
554003776,2018,F
554003784,2012,F
554003792,1997,M
554003806,2003,M
554003814,1985,F
554003822,2018,M
554003830,2006,M
554003849,2003,M
554003857,2000,M
554003865,1983,M
554003873,2002,M
554003881,1988,F
554003890,1983,M
554003903,2003,M
554003911,1989,M
554003920,1999,M
554003938,2003,M
554003946,2000,M
554003954,1999,M
554003962,1995,M
554003970,2014,F
554003989,2019,F
554003997,2009,M
554004004,1996,M
554004012,2006,M
554004020,1999,M
554004039,1993,F
554004047,2000,F
554004055,2003,M
554004063,1990,M
554004071,2011,M
554004080,2010,M
554004098,2003,M
554004101,1994,F
554004110,2014,M
554004128,2014,M
554004136,2004,M
554004144,2002,M
554004152,1994,F
554004160,1995,M
554004179,2004,F
554004187,2004,M
554004195,2002,M
554004209,2005,M
554004217,1999,M
554004225,2004,M
554004233,2005,M
554004241,2004,M
554004250,2002,M
554004268,2005,M
554004276,2004,F
554004284,2003,M
554004292,2012,M
554004306,2003,F
554004314,2005,M
554004322,2004,F
554004330,2005,M
554004349,2004,M
554004357,2002,M
554004365,2009,M
554004373,2015,M
554004381,1965,F
554004390,2010,F
554004403,2013,M
554004411,2015,M
554004420,2014,M
554004438,2012,F
554004446,2015,M
554004454,2012,M
554004462,2004,M
554004470,2004,M
554004489,1998,M
554004497,2008,M
554004500,2008,M
554004519,2002,M
554004527,2003,M
554004535,1984,M
554004543,2001,M
554004551,2008,M
554004560,1992,M
554004578,1993,M
554004586,1996,M
554004594,1989,M
554004608,1998,M
554004616,2003,M
554004624,2001,M
554004632,2002,M
554004640,1989,M
554004659,2012,F
554004667,1985,M
554004675,2012,M
554004683,1996,M
554004691,1994,M
554004705,2010,M
554004713,1991,F
554004721,1989,F
554004730,1987,F
554004748,2014,F
554004756,2018,M
554004764,2004,M
554004772,2008,M
554004780,1998,M
554004799,1979,M
554004802,2006,M
554004810,1999,M
554004829,2009,F
554004837,2004,F
554004845,2012,F
554004853,2005,F
554004861,2012,M
554004870,2001,M
554004888,2003,M
554004896,2003,M
554004900,2003,M
554004918,2010,F
554004926,2011,F
554004934,2010,M
554004942,2008,M
554004950,2010,M
554004969,2009,M
554004977,2009,M
554004985,2010,M
554004993,2011,M
554005000,2011,M
554005019,2009,M
554005027,1997,M
554005035,1996,M
554005043,1991,M
554005051,1996,M
554005060,2000,M
554005078,2008,F
554005086,2010,M
554005094,2009,M
554005108,2009,F
554005116,2016,F
554005124,2018,M
554005132,2018,M
554005140,2018,F
554005159,2017,F
554005167,1996,M
554005175,2000,M
554005183,1999,M
554005191,2002,M
554005205,1990,M
554005213,2004,M
554005221,2012,F
554005230,2016,M
554005248,2015,M
554005256,2010,F
554005264,2000,M
554005272,2015,M
554005280,2005,F
554005299,1998,M
554005302,1996,M
554005310,2004,M
554005329,2005,F
554005337,2004,F
554005345,1996,M
554005353,2005,M
554005361,2004,M
554005370,1993,M
554005388,1994,M
554005396,1995,M
554005400,1999,M
554005418,1989,M
554005426,1994,F
554005434,2001,F
554005442,1996,M
554005450,1987,M
554005469,2003,F
554005477,1992,M
554005485,1986,F
554005493,2000,M
554005507,2003,M
554005515,2008,M
554005523,2015,M
554005531,2010,M
554005540,2008,M
554005558,2006,M
554005566,2010,M
554005574,2002,F
554005582,2009,F
554005590,2001,M
554005604,2006,F
554005612,2009,M
554005620,2011,F
554005639,2001,M
554005647,2007,F
554005655,2005,M
554005663,2005,M
554005671,2007,M
554005680,2010,M
554005698,1999,F
554005701,2008,M
554005710,2006,M
554005728,2006,M
554005736,2008,M
554005744,2017,F
554005752,1993,M
554005760,2010,M
554005779,1986,M
554005787,1983,M
554005795,2015,F
554005809,2014,F
554005817,2008,M
554005825,2004,M
554005833,1986,M
554005841,2001,M
554005850,2003,M
554005868,1996,M
554005876,2010,M
554005884,2000,M
554005892,2002,M
554005906,2009,M
554005914,2002,F
554005922,2000,M
554005930,2002,M
554005949,1998,M
554005957,1998,M
554005965,1996,M
554005973,2013,M
554005981,2005,M
554005990,2004,M
554006007,2006,M
554006015,2005,M
554006023,2004,M
554006031,2005,M
554006040,2005,M
554006058,2015,M
554006066,2015,M
554006074,2014,F
554006082,2016,M
554006090,2005,F
554006104,2015,F
554006112,2014,F
554006120,2009,F
554006139,2011,F
554006147,2016,F
554006155,2016,F
554006163,2017,F
554006171,2013,F
554006180,2014,F
554006198,2019,F
554006201,2018,F
554006210,2016,F
554006228,2012,F
554006236,2015,F
554006244,2019,F
554006252,2015,F
554006260,2019,F
554006279,2015,F
554006287,2016,F
554006295,2010,M
554006309,2013,M
554006317,2014,M
554006325,2010,M
554006333,2017,F
554006341,2014,M
554006350,2017,M
554006368,2013,M
554006376,2012,M
554006384,2004,M
554006392,2002,M
554006406,2015,M
554006414,2015,M
554006422,2016,M
554006430,2018,M
554006449,2014,M
554006457,2014,M
554006465,2012,M
554006473,2012,M
554006481,2010,M
554006490,2018,M
554006503,2015,M
554006511,2014,M
554006520,2010,M
554006538,2013,M
554006546,2018,M
554006554,2011,M
554006562,2015,M
554006570,2012,M
554006589,2019,M
554006597,2015,M
554006600,2010,M
554006619,2011,M
554006627,2002,M
554006635,2016,M
554006643,2015,M
554006651,2016,M
554006660,2012,M
554006678,2012,M
554006686,2019,M
554006694,2012,M
554006708,1999,M
554006716,2016,M
554006724,2013,M
554006732,2012,M
554006740,2013,M
554006759,2016,M
554006767,2018,M
554006775,2015,F
554006783,2015,M
554006791,2010,M
554006805,2019,F
554006813,2012,M
554006821,2010,F
554006830,2001,M
554006848,2010,M
554006856,2009,M
554006864,2012,M
554006872,2010,M
554006880,2009,M
554006899,2010,M
554006902,2011,M
554006910,2009,M
554006929,2010,M
554006937,2008,M
554006945,2010,M
554006953,2009,F
554006961,2008,F
554006970,2010,M
554006988,2010,M
554006996,2010,M
554007003,2010,M
554007011,2009,M
554007020,2010,M
554007038,2009,M
554007046,2009,M
554007054,2009,M
554007062,2007,M
554007070,2007,M
554007089,2008,M
554007097,2009,M
554007100,2010,M
554007119,2008,M
554007127,2007,M
554007135,2008,M
554007143,2010,M
554007151,2007,M
554007160,2006,M
554007178,2018,M
554007186,2015,M
554007194,2018,M
554007208,2015,M
554007216,2016,M
554007224,2016,F
554007232,1991,M
554007240,1996,M
554007259,2015,M
554007267,2015,M
554007275,2013,F
554007283,2017,M
554007291,2016,F
554007305,2018,M
554007313,1984,M
554007321,1989,M
554007330,2005,M
554007348,2005,F
554007356,2016,M
554007364,2004,M
554007372,2005,M
554007380,2004,F
554007399,2015,F
554007402,2015,M
554007410,2017,F
554007429,2007,M
554007437,2017,F
554007445,2006,M
554007453,2004,F
554007461,2005,F
554007470,2012,F
554007488,2005,F
554007496,1999,F
554007500,1995,F
554007518,2016,F
554007526,2016,M
554007534,1998,M
554007542,2017,M
554007550,1971,F
554007569,1986,M
554007577,1978,F
554007585,1991,M
554007593,1999,M
554007607,2000,M
554007615,2016,M
554007623,2016,M
554007631,2018,F
554007640,2014,M
554007658,2017,M
554007666,2013,M
554007674,2015,M
554007682,1988,M
554007690,1986,F
554007704,1999,M
554007712,2016,M
554007720,2017,F
554007739,2016,M
554007747,2008,M
554007755,2009,M
554007763,2015,M
554007771,1980,M
554007780,1998,M
554007798,2001,M
554007801,2010,M
554007810,2006,M
554007828,2016,M
554007836,2003,M
554007844,2011,M
554007852,1997,M
554007860,1996,M
554007879,2016,M
554007887,1994,M
554007895,2016,M
554007909,2003,M
554007917,2014,M
554007925,2014,M
554007933,2017,M
554007941,2009,M
554007950,1999,M
554007968,1997,M
554007976,2018,M
554007984,2001,M
554007992,1995,M
554008000,2015,M
554008018,2017,M
554008026,2004,M
554008034,2008,M
554008042,2012,M
554008050,2004,M
554008069,1985,M
554008077,2015,M
554008085,2017,M
554008093,2016,M
554008107,2015,M
554008115,2015,M
554008123,1990,M
554008131,2019,M
554008140,1997,M
554008158,2019,M
554008166,2015,M
554008174,2015,M
554008182,2016,M
554008190,2010,M
554008204,2014,M
554008212,1994,M
554008220,2012,M
554008239,1988,M
554008247,1999,M
554008255,2016,M
554008263,2013,M
554008271,2000,M
554008280,1990,M
554008298,2011,M
554008301,1999,M
554008310,2016,M
554008328,2011,M
554008336,2004,M
554008344,1992,M
554008352,2002,M
554008360,2017,M
554008379,2003,M
554008387,1974,M
554008395,1981,M
554008409,1982,M
554008417,2015,M
554008425,2010,M
554008433,2010,M
554008441,2015,M
554008450,2016,M
554008468,2004,M
554008476,2013,M
554008484,2011,M
554008492,1978,M
554008506,2013,M
554008514,2003,M
554008522,1995,M
554008530,2000,M
554008549,2004,M
554008557,2005,M
554008565,2015,M
554008573,1997,M
554008581,2018,M
554008590,1993,M
554008603,2016,M
554008611,2014,M
554008620,2011,M
554008638,2018,M
554008646,2017,M
554008654,2016,M
554008662,2015,M
554008670,2018,M
554008689,2016,F
554008697,2019,F
554008700,2015,F
554008719,2016,F
554008727,2016,F
554008735,2004,F
554008743,1984,F
554008751,2008,F
554008760,2008,F
554008778,2017,F
554008786,2004,F
554008794,2005,F
554008808,2013,F
554008816,2020,F
554008824,2010,F
554008832,2014,F
554008840,2002,F
554008859,2009,F
554008867,2015,F
554008875,2016,F
554008883,1995,F
554008891,2011,F
554008905,2005,F
554008913,2002,F
554008921,2014,F
554008930,2004,F
554008948,2019,F
554008956,2016,F
554008964,2011,F
554008972,2014,F
554008980,2015,F
554008999,2019,F
554009006,2015,F
554009014,1968,M
554009022,1994,M
554009030,1989,M
554009049,1997,M
554009057,1999,F
554009065,1977,M
554009073,2002,M
554009081,1974,M
554009090,2002,M
554009103,2005,M
554009111,1992,M
554009120,2000,M
554009138,2001,F
554009146,1998,F
554009154,2002,M
554009162,1997,M
554009170,2003,M
554009189,2005,M
554009197,1989,F
554009200,1999,M
554009219,2003,M
554009227,2005,M
554009235,1983,F
554009243,2003,M
554009251,2008,F
554009260,2007,F
554009278,1980,M
554009286,1998,M
554009294,1984,M
554009308,2014,M
554009316,2003,M
554009324,2014,M
554009332,2006,M
554009340,2001,M
554009359,2005,M
554009367,2005,M
554009375,2003,F
554009383,1987,M
554009391,1996,M
554009405,2002,M
554009413,2001,M
554009421,2001,F
554009430,2006,M
554009448,2004,M
554009456,2004,M
554009464,2006,M
554009472,1991,M
554009480,2014,M
554009499,2006,F
554009502,2006,F
554009510,2003,F
554009529,2006,F
554009537,2005,F
554009545,2006,M
554009553,2007,M
554009561,2001,M
554009570,2002,M
554009588,1975,M
554009596,2003,M
554009600,2007,M
554009618,2003,M
554009626,1969,M
554009634,2000,M
554009642,1998,M
554009650,2015,M
554009669,1974,M
554009677,2003,M
554009685,2010,M
554009693,2009,F
554009707,2004,F
554009715,2006,F
554009723,2018,F
554009731,2003,F
554009740,1999,M
554009758,2005,F
554009766,2005,M
554009774,2003,M
554009782,2011,M
554009790,2001,F
554009804,2005,M
554009812,1984,M
554009820,1988,F
554009839,2012,F
554009847,2016,F
554009855,2011,F
554009863,2019,F
554009871,2013,F
554009880,2011,M
554009898,2018,F
554009901,2018,F
554009910,2016,F
554009928,2011,F
554009936,2006,F
554009944,2004,F
554009952,2013,F
554009960,2006,F
554009979,2007,F
554009987,2004,F
554009995,2004,F
554010004,2006,F
554010012,2009,M
554010020,2011,M
554010039,2008,M
554010047,2007,M
554010055,2005,M
554010063,2004,M
554010071,2006,M
554010080,2011,M
554010098,2009,M
554010101,2012,M
554010110,2015,M
554010128,2004,M
554010136,2013,F
554010144,2006,M
554010152,2012,M
554010160,2015,M
554010179,2010,M
554010187,2011,M
554010195,2014,M
554010209,2012,M
554010217,2011,M
554010225,2014,F
554010233,2011,F
554010241,2014,F
554010250,2010,F
554010268,2004,F
554010276,2012,F
554010284,2002,M
554010292,2004,M
554010306,2009,M
554010314,2004,M
554010322,2006,M
554010330,2004,M
554010349,2002,M
554010357,2005,M
554010365,2016,M
554010373,2004,M
554010381,2012,M
554010390,2000,M
554010403,2012,M
554010411,1993,M
554010420,2006,M
554010438,2008,M
554010446,2006,M
554010454,1988,M
554010462,2018,M
554010470,2015,F
554010489,2014,F
554010497,2014,M
554010500,2014,M
554010519,2014,M
554010527,2012,M
554010535,2011,M
554010543,2010,M
554010551,1975,M
554010560,2002,M
554010578,2005,F
554010586,1997,M
554010594,1999,M
554010608,2005,M
554010616,2008,M
554010624,2005,M
554010632,2014,M
554010640,2015,F
554010659,2003,F
554010667,2009,M
554010675,1991,M
554010683,2005,M
554010691,2000,M
554010705,2008,M
554010713,2007,F
554010721,2000,M
554010730,1992,M
554010748,2006,M
554010756,2010,F
554010764,2007,M
554010772,2016,M
554010780,2002,M
554010799,2009,M
554010802,2003,M
554010810,2009,M
554010829,2000,M
554010837,2016,M
554010845,2012,M
554010853,2012,M
554010861,2014,F
554010870,2009,M
554010888,2011,F
554010896,2010,M
554010900,2005,M
554010918,2014,M
554010926,2014,M
554010934,2012,M
554010942,2014,M
554010950,2014,M
554010969,2005,M
554010977,2011,M
554010985,2011,F
554010993,2014,M
554011000,2013,M
554011019,2014,M
554011027,2012,M
554011035,2010,M
554011043,2010,F
554011051,2014,F
554011060,2010,M
554011078,2010,M
554011086,2010,F
554011094,2010,M
554011108,2005,F
554011116,2004,M
554011124,2005,M
554011132,2016,M
554011140,2016,M
554011159,2002,M
554011167,2014,M
554011175,2003,M
554011183,1985,M
554011191,2011,M
554011205,1994,M
554011213,2003,M
554011221,2003,M
554011230,2005,F
554011248,2003,F
554011256,2016,M
554011264,2014,F
554011272,2003,F
554011280,1998,M
554011299,2008,M
554011302,1998,M
554011310,2016,M
554011329,1979,M
554011337,2004,M
554011345,2006,M
554011353,2011,M
554011361,2014,M
554011370,2015,M
554011388,2011,M
554011396,2012,M
554011400,1993,M
554011418,1991,M
554011426,2000,M
554011434,2013,M
554011442,1999,M
554011450,2000,M
554011469,1998,F
554011477,2000,M
554011485,2002,M
554011493,2007,M
554011507,2007,M
554011515,2008,M
554011523,2009,M
554011531,2008,M
554011540,2010,M
554011558,2008,M
554011566,2007,M
554011574,2008,M
554011582,2007,M
554011590,2011,M
554011604,2010,F
554011612,2008,F
554011620,2012,M
554011639,2014,M
554011647,2014,M
554011655,2011,M
554011663,2013,M
554011671,2011,M
554011680,2013,M
554011698,2012,M
554011701,2012,M
554011710,2011,M
554011728,2014,M
554011736,2013,M
554011744,2013,F
554011752,2012,F
554011760,2019,F
554011779,1993,M
554011787,2005,M
554011795,1972,M
554011809,1957,M
554011817,1996,M
554011825,2012,M
554011833,2013,F
554011841,2011,M
554011850,2009,F
554011868,2018,M
554011876,2010,M
554011884,2016,M
554011892,2011,F
554011906,2016,M
554011914,1998,F
554011922,2015,M
554011930,2014,F
554011949,2016,F
554011957,2001,M
554011965,2002,M
554011973,2004,F
554011981,2004,F
554011990,2007,F
554012007,2011,M
554012015,1995,M
554012023,2014,M
554012031,1997,M
554012040,1994,M
554012058,2002,F
554012066,1990,M
554012074,2018,F
554012082,2018,F
554012090,2020,M
554012104,2016,M
554012112,2010,M
554012120,2008,M
554012139,2011,M
554012147,2007,M
554012155,2007,F
554012163,2013,M
554012171,2007,M
554012180,2011,M
554012198,2015,M
554012201,2018,M
554012210,2015,M
554012228,2009,M
554012236,2010,F
554012244,2017,F
554012252,2016,M
554012260,2014,M
554012279,2016,M
554012287,1994,M
554012295,2015,M
554012309,2007,M
554012317,1981,M
554012325,1996,M
554012333,2010,M
554012341,2008,F
554012350,2012,M
554012368,2012,M
554012376,2008,F
554012384,2011,F
554012392,2017,F
554012406,2016,F
554012414,2005,M
554012422,2006,M
554012430,2006,F
554012449,2001,M
554012457,2006,M
554012465,2002,M
554012473,2006,M
554012481,2002,M
554012490,2005,M
554012503,2005,M
554012511,2006,M
554012520,2003,M
554012538,2002,M
554012546,2004,F
554012554,2005,M
554012562,1998,M
554012570,2008,F
554012589,2006,M
554012597,2001,M
554012600,2003,M
554012619,2004,M
554012627,2005,M
554012635,2003,M
554012643,2006,M
554012651,2003,M
554012660,2004,M
554012678,2008,M
554012686,2002,M
554012694,2003,M
554012708,2008,M
554012716,2004,M
554012724,2003,F
554012732,2006,F
554012740,2008,F
554012759,2006,M
554012767,2004,M
554012775,2005,M
554012783,2002,M
554012791,2006,F
554012805,2001,M
554012813,2006,M
554012821,2001,M
554012830,2001,M
554012848,2003,M
554012856,2002,M
554012864,2004,M
554012872,2005,M
554012880,2003,M
554012899,2005,M
554012902,2005,M
554012910,2008,M
554012929,2002,F
554012937,2004,M
554012945,2000,M
554012953,2003,F
554012961,1996,M
554012970,1995,M
554012988,2011,F
554012996,2012,F
554013003,2016,F
554013011,2016,F
554013020,2010,F
554013038,2018,M
554013046,2009,M
554013054,2010,M
554013062,2004,M
554013070,1997,M
554013089,2015,M
554013097,2005,M
554013100,2005,M
554013119,2004,M
554013127,2003,M
554013135,2006,M
554013143,2005,M
554013151,2010,F
554013160,2008,F
554013178,2014,F
554013186,2014,M
554013194,2014,F
554013208,2015,F
554013216,2015,F
554013224,2017,F
554013232,2015,F
554013240,2014,F
554013259,2013,M
554013267,2012,M
554013275,2012,M
554013283,2012,M
554013291,2010,M
554013305,2009,M
554013313,2014,M
554013321,2015,M
554013330,2015,M
554013348,2017,M
554013356,2016,M
554013364,2016,M
554013372,2009,F
554013380,2013,F
554013399,2008,F
554013402,2008,F
554013410,2014,F
554013429,2015,F
554013437,2014,F
554013445,2013,F
554013453,2013,F
554013461,2017,F
554013470,2017,M
554013488,2011,M
554013496,2015,M
554013500,2017,M
554013518,2017,M
554013526,2016,M
554013534,2010,M
554013542,2016,M
554013550,2017,M
554013569,2010,M
554013577,2009,M
554013585,2009,M
554013593,2010,M
554013607,2014,M
554013615,2009,M
554013623,2012,M
554013631,2010,M
554013640,2012,M
554013658,2016,M
554013666,2014,M
554013674,2014,M
554013682,2012,M
554013690,2014,M
554013704,2011,M
554013712,2012,M
554013720,2017,M
554013739,2017,M
554013747,2014,M
554013755,2015,M
554013763,2014,M
554013771,2016,M
554013780,2016,M
554013798,2009,M
554013801,2011,M
554013810,2015,M
554013828,2016,M
554013836,2016,M
554013844,2016,M
554013852,2016,M
554013860,2015,M
554013879,2016,M
554013887,2015,M
554013895,2017,M
554013909,2017,M
554013917,2016,M
554013925,2016,M
554013933,2015,M
554013941,2015,M
554013950,2015,M
554013968,2014,M
554013976,2017,M
554013984,2013,M
554013992,2011,M
554014000,1996,M
554014018,2011,M
554014026,1999,M
554014034,2001,M
554014042,2009,M
554014050,2008,M
554014069,2011,M
554014077,2004,M
554014085,2012,M
554014093,2010,M
554014107,2012,M
554014115,2011,F
554014123,2015,M
554014131,2015,M
554014140,2015,M
554014158,2014,M
554014166,2016,M
554014174,2017,M
554014182,2017,M
554014190,2006,M
554014204,2003,M
554014212,1999,M
554014220,1990,M
554014239,1995,M
554014247,1999,M
554014255,2001,M
554014263,1994,M
554014271,2004,M
554014280,2006,M
554014298,2004,M
554014301,2003,M
554014310,2004,M
554014328,2017,F
554014336,2015,M
554014344,2012,M
554014352,2018,F
554014360,2015,M
554014379,2006,M
554014387,2005,M
554014395,2015,M
554014409,2004,M
554014417,1998,M
554014425,2004,F
554014433,2016,F
554014441,2014,F
554014450,2016,F
554014468,2014,F
554014476,2017,F
554014484,2019,F
554014492,2018,F
554014506,2012,F
554014514,2012,F
554014522,2020,M
554014530,2018,F
554014549,2017,F
554014557,2020,M
554014565,2017,F
554014573,2004,F
554014581,2006,F
554014590,2014,F
554014603,2007,F
554014611,1987,F
554014620,2015,F
554014638,2003,M
554014646,2007,M
554014654,2016,M
554014662,2014,M
554014670,2015,M
554014689,2017,M
554014697,2015,M
554014700,2004,M
554014719,2019,M
554014727,2004,M
554014735,2016,M
554014743,2018,M
554014751,2016,M
554014760,2017,M
554014778,2015,M
554014786,2004,M
554014794,2017,M
554014808,2001,M
554014816,2015,M
554014824,2015,M
554014832,2019,M
554014840,2015,M
554014859,2019,M
554014867,1980,M
554014875,2015,M
554014883,2011,M
554014891,1989,M
554014905,2002,M
554014913,2015,M
554014921,2014,M
554014930,2016,M
554014948,2012,M
554014956,2001,M
554014964,2014,M
554014972,2015,M
554014980,2002,M
554014999,2006,M
554015006,1992,M
554015014,2011,M
554015022,2010,M
554015030,2011,M
554015049,2010,M
554015057,2010,M
554015065,2008,M
554015073,2009,M
554015081,2009,M
554015090,2008,M
554015103,2010,M
554015111,2008,M
554015120,2002,M
554015138,1969,M
554015146,1980,M
554015154,2003,M
554015162,2005,M
554015170,2004,M
554015189,2006,M
554015197,2002,M
554015200,2003,M
554015219,1996,M
554015227,1985,M
554015235,2002,M
554015243,1972,M
554015251,2014,M
554015260,2006,M
554015278,2008,M
554015286,2009,M
554015294,2007,M
554015308,2009,M
554015316,2018,M
554015324,2020,M
554015332,2016,M
554015340,2017,M
554015359,2006,M
554015367,2017,M
554015375,2019,M
554015383,2010,M
554015391,2018,M
554015405,1998,M
554015413,1997,M
554015421,2001,M
554015430,2002,M
554015448,2007,M
554015456,2014,F
554015464,2006,M
554015472,2017,M
554015480,2004,M
554015499,2006,F
554015502,2009,M
554015510,2010,M
554015529,2003,M
554015537,2007,M
554015545,2004,M
554015553,2006,M
554015561,2009,M
554015570,2004,M
554015588,2010,M
554015596,2005,M
554015600,2013,M
554015618,2010,M
554015626,2004,M
554015634,2006,F
554015642,2008,M
554015650,2004,M
554015669,2011,M
554015677,2009,M
554015685,2009,M
554015693,2011,M
554015707,2003,M
554015715,2008,M
554015723,2010,M
554015731,2003,F
554015740,2004,M
554015758,2005,M
554015766,1984,M
554015774,2005,F
554015782,2004,F
554015790,2006,M
554015804,2009,M
554015812,2006,M
554015820,2004,M
554015839,2008,M
554015847,2011,M
554015855,2009,M
554015863,2011,M
554015871,2009,M
554015880,2005,M
554015898,1998,M
554015901,2004,M
554015910,1999,M
554015928,2002,M
554015936,2007,M
554015944,2003,M
554015952,2003,M
554015960,2004,M
554015979,2007,M
554015987,2004,M
554015995,2005,M
554016002,2001,M
554016010,2011,M
554016029,2005,M
554016037,2006,M
554016045,2006,M
554016053,1981,F
554016061,2006,F
554016070,2005,F
554016088,2005,F
554016096,2005,F
554016100,2003,M
554016118,2006,F
554016126,2004,M
554016134,1999,M
554016142,2004,M
554016150,2004,M
554016169,2010,M
554016177,2004,F
554016185,2005,F
554016193,2002,F
554016207,2005,F
554016215,2011,M
554016223,2004,M
554016231,2009,M
554016240,2008,M
554016258,2011,M
554016266,2011,M
554016274,2006,M
554016282,2006,M
554016290,2006,M
554016304,2002,M
554016312,2002,M
554016320,2005,F
554016339,2004,M
554016347,2000,M
554016355,2007,M
554016363,2005,M
554016371,2001,F
554016380,2015,F
554016398,2011,F
554016401,2012,F
554016410,2013,F
554016428,2015,F
554016436,2014,F
554016444,2012,F
554016452,2005,M
554016460,2007,M
554016479,2014,M
554016487,2005,M
554016495,2003,M
554016509,2016,M
554016517,2013,M
554016525,1991,M
554016533,2003,M
554016541,2007,M
554016550,2000,M
554016568,1998,M
554016576,2007,M
554016584,2000,M
554016592,2015,M
554016606,2011,M
554016614,2011,M
554016622,2010,M
554016630,2013,M
554016649,2013,M
554016657,2010,M
554016665,2002,M
554016673,2006,M
554016681,2002,M
554016690,2005,M
554016703,2005,M
554016711,2005,M
554016720,2005,M
554016738,2004,M
554016746,2006,M
554016754,2001,M
554016762,2003,M
554016770,1998,M
554016789,2004,M
554016797,2013,M
554016800,2009,M
554016819,2004,M
554016827,1992,M
554016835,2007,M
554016843,2008,M
554016851,2009,M
554016860,2007,M
554016878,2004,F
554016886,2003,M
554016894,2016,F
554016908,2023,M
554016916,2015,F
554016924,2014,M
554016932,2020,F
554016940,2007,M
554016959,2018,M
554016967,2004,F
554016975,2006,M
554016983,2003,M
554016991,2007,M
554017009,2000,M
554017017,1999,M
554017025,2006,M
554017033,2008,M
554017041,2006,M
554017050,2008,M
554017068,2000,M
554017076,2001,M
554017084,2007,F
554017092,2012,M
554017106,2002,M
554017114,2000,M
554017122,2000,M
554017130,2012,F
554017149,2002,F
554017157,2003,M
554017165,2012,M
554017173,1990,M
554017181,1999,M
554017190,2000,M
554017203,2004,M
554017211,1986,M
554017220,2008,F
554017238,2004,F
554017246,2006,F
554017254,2003,F
554017262,2005,F
554017270,2003,F
554017289,2004,F
554017297,2006,F
554017300,2004,F
554017319,2004,F
554017327,2006,M
554017335,2005,M
554017343,2003,M
554017351,2006,M
554017360,2007,M
554017378,2005,M
554017386,2003,M
554017394,2007,M
554017408,2004,M
554017416,2006,M
554017424,2006,M
554017432,2007,M
554017440,2003,M
554017459,2004,M
554017467,2007,M
554017475,2007,M
554017483,2002,M
554017491,2004,M
554017505,2003,M
554017513,2003,M
554017521,2002,M
554017530,2003,M
554017548,2006,M
554017556,2002,M
554017564,2006,F
554017572,2008,F
554017580,2006,F
554017599,2004,F
554017602,2005,M
554017610,2004,M
554017629,2007,M
554017637,2004,M
554017645,2002,M
554017653,2009,F
554017661,2018,M
554017670,2012,M
554017688,2015,M
554017696,2016,F
554017700,2018,M
554017718,2017,M
554017726,2015,M
554017734,2016,M
554017742,2015,M
554017750,2014,M
554017769,2015,F
554017777,2003,M
554017785,1997,M
554017793,2007,M
554017807,2003,M
554017815,2007,M
554017823,2002,M
554017831,2004,M
554017840,2003,M
554017858,1996,M
554017866,2000,M
554017874,1988,M
554017882,2004,M
554017890,1981,M
554017904,2002,M
554017912,2006,M
554017920,1967,M
554017939,1987,M
554017947,2013,M
554017955,2006,F
554017963,2000,F
554017971,1996,F
554017980,1996,F
554017998,1995,F
554018005,2012,M
554018013,2010,F
554018021,2010,F
554018030,2010,F
554018048,2014,F
554018056,2016,M
554018064,2007,M
554018072,2001,M
554018080,2011,M
554018099,2016,F
554018102,2018,F
554018110,2022,F
554018129,2016,F
554018137,2016,F
554018145,2012,M
554018153,2012,M
554018161,2017,M
554018170,2013,F
554018188,2013,F
554018196,1998,M
554018200,2000,M
554018218,2003,M
554018226,2008,M
554018234,2007,M
554018242,2009,M
554018250,2012,M
554018269,2007,M
554018277,1994,M
554018285,1992,M
554018293,2004,M
554018307,2005,M
554018315,1999,M
554018323,2000,M
554018331,2003,M
554018340,2004,M
554018358,2005,M
554018366,2015,M
554018374,2015,M
554018382,2004,M
554018390,2016,M
554018404,2013,M
554018412,2007,M
554018420,2010,M
554018439,2013,M
554018447,2006,M
554018455,2013,M
554018463,1970,M
554018471,2004,M
554018480,1978,M
554018498,2013,F
554018501,2010,M
554018510,2011,M
554018528,2015,F
554018536,2012,F
554018544,2013,M
554018552,1999,M
554018560,2008,F
554018579,2003,M
554018587,2005,M
554018595,2005,M
554018609,1999,M
554018617,1998,M
554018625,2016,M
554018633,2008,M
554018641,2004,M
554018650,2006,F
554018668,1990,M
554018676,1995,M
554018684,2012,M
554018692,2017,F
554018706,2015,M
554018714,2016,M
554018722,2008,M
554018730,2014,F
554018749,2014,M
554018757,2012,M
554018765,1997,M
554018773,2016,M
554018781,2019,M
554018790,2018,M
554018803,2018,M
554018811,2018,M
554018820,2019,F
554018838,2016,M
554018846,2017,M
554018854,2016,M
554018862,2016,M
554018870,2016,M
554018889,2017,M
554018897,2014,M
554018900,2014,M
554018919,2012,M
554018927,2012,M
554018935,2012,F
554018943,2018,M
554018951,2018,M
554018960,2019,M
554018978,2018,M
554018986,2018,M
554018994,2018,M
554019001,2018,M
554019010,2020,M
554019028,2019,M
554019036,2018,M
554019044,2018,F
554019052,2018,M
554019060,2019,M
554019079,2019,M
554019087,2018,M
554019095,2018,M
554019109,2019,M
554019117,2018,M
554019125,2020,M
554019133,2018,M
554019141,2018,M
554019150,2018,M
554019168,2018,M
554019176,2018,M
554019184,2018,F
554019192,2018,F
554019206,2018,F
554019214,2018,F
554019222,2019,F
554019230,2018,F
554019249,2018,F
554019257,2019,F
554019265,2018,F
554019273,2018,F
554019281,2018,F
554019290,2018,F
554019303,2019,F
554019311,2018,F
554019320,2018,F
554019338,2018,F
554019346,2016,M
554019354,2016,M
554019362,2016,M
554019370,2016,M
554019389,2016,M
554019397,2017,M
554019400,2016,M
554019419,2017,M
554019427,2017,M
554019435,2016,M
554019443,2017,M
554019451,2016,M
554019460,2016,M
554019478,2017,M
554019486,2016,M
554019494,2016,M
554019508,2016,M
554019516,2017,M
554019524,2016,M
554019532,2017,M
554019540,2016,M
554019559,2016,M
554019567,2017,M
554019575,2017,M
554019583,2009,F
554019591,2008,M
554019605,2009,M
554019613,2009,M
554019621,2009,M
554019630,2010,F
554019648,2010,F
554019656,2011,F
554019664,2011,F
554019672,2011,F
554019680,2011,F
554019699,2011,F
554019702,2010,M
554019710,2011,M
554019729,2010,M
554019737,2010,M
554019745,2011,M
554019753,2011,M
554019761,2011,M
554019770,2010,M
554019788,2010,M
554019796,2011,M
554019800,2010,M
554019818,2011,M
554019826,2011,M
554019834,2011,M
554019842,2012,F
554019850,2012,F
554019869,2013,F
554019877,2013,F
554019885,2012,F
554019893,2013,M
554019907,2016,F
554019915,2012,F
554019923,2012,F
554019931,2013,F
554019940,2013,F
554019958,2013,F
554019966,2013,F
554019974,2013,F
554019982,2012,F
554019990,2012,F
554020000,2012,M
554020018,2012,M
554020026,2013,M
554020034,2012,M
554020042,2013,M
554020050,2012,M
554020069,2013,M
554020077,2012,M
554020085,2012,M
554020093,2012,M
554020107,2012,M
554020115,2012,M
554020123,2014,M
554020131,2012,M
554020140,2012,M
554020158,2013,M
554020166,2013,M
554020174,2012,M
554020182,2012,M
554020190,2012,M
554020204,2012,M
554020212,2012,M
554020220,2013,M
554020239,2012,M
554020247,2012,M
554020255,2012,M
554020263,2013,M
554020271,2013,M
554020280,2013,M
554020298,2013,M
554020301,2013,M
554020310,2012,M
554020328,2013,M
554020336,2012,M
554020344,2013,M
554020352,2013,M
554020360,2012,M
554020379,2012,M
554020387,2012,M
554020395,2012,M
554020409,2012,M
554020417,2013,M
554020425,2012,M
554020433,2012,M
554020441,2013,M
554020450,2014,M
554020468,2014,F
554020476,2014,F
554020484,2015,F
554020492,2015,F
554020506,2015,F
554020514,2014,F
554020522,2016,F
554020530,2015,F
554020549,2015,F
554020557,2015,F
554020565,2015,F
554020573,2014,F
554020581,2015,F
554020590,2014,F
554020603,2014,F
554020611,2014,F
554020620,2014,F
554020638,2015,F
554020646,2014,F
554020654,2015,F
554020662,2015,F
554020670,2015,F
554020689,2014,M
554020697,2014,M
554020700,2015,M
554020719,2014,M
554020727,2014,M
554020735,2014,M
554020743,2014,M
554020751,2015,M
554020760,2015,M
554020778,2014,M
554020786,2014,M
554020794,2014,M
554020808,2014,M
554020816,2014,M
554020824,2014,M
554020832,2014,M
554020840,2015,M
554020859,2015,M
554020867,2016,M
554020875,2015,F
554020883,2014,M
554020891,2014,M
554020905,2015,M
554020913,2015,M
554020921,2014,M
554020930,2015,M
554020948,2014,M
554020956,2014,M
554020964,2015,M
554020972,2015,M
554020980,2014,M
554020999,2014,M
554021006,2014,M
554021014,2015,M
554021022,2014,M
554021030,2015,M
554021049,2015,M
554021057,2014,M
554021065,2016,M
554021073,2014,M
554021081,2014,M
554021090,2015,M
554021103,2014,M
554021111,2015,M
554021120,2015,M
554021138,2014,M
554021146,2014,M
554021154,2014,M
554021162,2014,M
554021170,2015,M
554021189,2015,M
554021197,2014,M
554021200,2015,M
554021219,2014,M
554021227,2014,M
554021235,2015,M
554021243,2014,M
554021251,2014,M
554021260,2014,M
554021278,2014,M
554021286,2014,M
554021294,2014,M
554021308,2015,M
554021316,2014,M
554021324,2014,M
554021332,2014,M
554021340,2014,M
554021359,2015,M
554021367,2015,M
554021375,2015,M
554021383,2015,M
554021391,2014,M
554021405,2015,M
554021413,2014,M
554021421,2015,M
554021430,2014,M
554021448,2016,F
554021456,2017,F
554021464,2017,F
554021472,2016,F
554021480,2017,F
554021499,2016,F
554021502,2016,F
554021510,2016,F
554021529,2016,F
554021537,2016,F
554021545,2016,F
554021553,2016,F
554021561,2016,F
554021570,2016,F
554021588,2016,F
554021596,2016,F
554021600,2017,F
554021618,2016,F
554021626,2017,F
554021634,2016,F
554021642,2017,F
554021650,2017,F
554021669,2016,F
554021677,2017,F
554021685,2016,F
554021693,2016,F
554021707,2017,F
554021715,2018,F
554021723,2016,F
554021731,2016,F
554021740,2016,F
554021758,2016,M
554021766,2016,M
554021774,2017,M
554021782,2017,M
554021790,2016,M
554021804,2016,M
554021812,2016,M
554021820,2016,M
554021839,2016,M
554021847,2016,M
554021855,2016,M
554021863,2017,M
554021871,2016,M
554021880,2016,M
554021898,2017,M
554021901,2017,M
554021910,2017,M
554021928,2017,M
554021936,2017,M
554021944,2017,M
554021952,2016,M
554021960,2020,M
554021979,2017,M
554021987,2016,M
554021995,2016,M
554022002,2016,M
554022010,2016,M
554022029,2016,M
554022037,2017,M
554022045,2016,M
554022053,2017,M
554022061,2016,M
554022070,2018,M
554022088,2016,F
554022096,2010,M
554022100,2010,M
554022118,2010,M
554022126,2011,M
554022134,2011,M
554022142,2009,M
554022150,2009,M
554022169,2009,M
554022177,1996,M
554022185,1999,M
554022193,1999,M
554022207,2007,M
554022215,1988,M
554022223,2013,M
554022231,2002,M
554022240,2017,M
554022258,1993,M
554022266,2004,M
554022274,1998,M
554022282,1978,M
554022290,1995,M
554022304,2003,M
554022312,2002,M
554022320,2002,M
554022339,2001,M
554022347,1975,M
554022355,1984,M
554022363,1996,M
554022371,2001,M
554022380,1993,M
554022398,1988,M
554022401,2003,M
554022410,1981,M
554022428,2003,F
554022436,1991,M
554022444,2012,F
554022452,2009,M
554022460,2008,M
554022479,2008,M
554022487,2016,F
554022495,2019,M
554022509,2013,M
554022517,2016,F
554022525,2016,F
554022533,2014,M
554022541,2012,M
554022550,2015,M
554022568,2012,M
554022576,2017,F
554022584,2017,M
554022592,2019,F
554022606,2009,M
554022614,2010,M
554022622,2009,M
554022630,2008,M
554022649,2010,M
554022657,2009,M
554022665,2009,M
554022673,2017,F
554022681,1988,M
554022690,2002,F
554022703,2000,M
554022711,2005,M
554022720,2008,M
554022738,2005,M
554022746,2008,M
554022754,1998,M
554022762,1991,F
554022770,1994,M
554022789,2001,M
554022797,1977,M
554022800,2014,F
554022819,2016,M
554022827,2017,M
554022835,2017,M
554022843,2015,M
554022851,2014,M
554022860,2014,M
554022878,2016,M
554022886,2002,M
554022894,2013,M
554022908,2012,M
554022916,2010,M
554022924,2010,M
554022932,2011,M
554022940,2009,M
554022959,2008,M
554022967,2017,F
554022975,2009,M
554022983,2016,M
554022991,2010,M
554023009,2016,M
554023017,2011,M
554023025,2008,M
554023033,2016,M
554023041,2018,M
554023050,2019,F
554023068,2016,M
554023076,2009,M
554023084,2017,M
554023092,2013,M
554023106,2012,M
554023114,2012,M
554023122,2012,M
554023130,2010,F
554023149,2011,M
554023157,2015,M
554023165,2015,F
554023173,2013,M
554023181,2011,M
554023190,2012,M
554023203,2020,M
554023211,2018,F
554023220,2016,M
554023238,2020,M
554023246,2008,F
554023254,1999,M
554023262,2012,M
554023270,2011,M
554023289,2012,M
554023297,2013,M
554023300,2012,M
554023319,2012,F
554023327,2014,M
554023335,2003,M
554023343,2003,M
554023351,2005,M
554023360,2005,M
554023378,2013,M
554023386,2015,M
554023394,2013,M
554023408,2016,F
554023416,2014,M
554023424,2016,M
554023432,2013,F
554023440,2017,F
554023459,2012,F
554023467,2007,F
554023475,2007,F
554023483,2006,M
554023491,2017,M
554023505,2003,M
554023513,1995,M
554023521,2005,M
554023530,2004,M
554023548,2007,M
554023556,2005,M
554023564,2006,M
554023572,1984,M
554023580,2004,M
554023599,2000,M
554023602,2006,F
554023610,2007,M
554023629,2007,F
554023637,1979,M
554023645,2009,F
554023653,2012,M
554023661,2014,M
554023670,2015,M
554023688,2017,M
554023696,2018,F
554023700,2019,M
554023718,2012,M
554023726,2012,M
554023734,2015,M
554023742,2012,M
554023750,2004,M
554023769,2014,M
554023777,2007,M
554023785,2014,F
554023793,2016,M
554023807,2007,M
554023815,1995,F
554023823,2012,M
554023831,1998,M
554023840,1991,F
554023858,2010,M
554023866,2011,M
554023874,2011,M
554023882,2011,M
554023890,2014,M
554023904,2009,M
554023912,2009,M
554023920,2010,M
554023939,2012,F
554023947,2008,M
554023955,2013,M
554023963,2013,M
554023971,2012,M
554023980,2014,M
554023998,2009,M
554024005,2012,M
554024013,2011,M
554024021,2008,M
554024030,2013,M
554024048,2012,M
554024056,2010,M
554024064,2014,M
554024072,1997,F
554024080,1990,M
554024099,1997,M
554024102,1998,M
554024110,1987,F
554024129,1984,M
554024137,1970,M
554024145,1986,M
554024153,2005,F
554024161,1975,M
554024170,1990,M
554024188,1982,M
554024196,1990,M
554024200,2005,M
554024218,2001,F
554024226,2012,M
554024234,2017,M
554024242,2012,M
554024250,2009,M
554024269,2004,F
554024277,2012,M
554024285,2017,M
554024293,2015,M
554024307,1984,M
554024315,2003,M
554024323,2004,M
554024331,2000,F
554024340,1990,M
554024358,1988,M
554024366,1993,M
554024374,1994,F
554024382,1999,M
554024390,1997,M
554024404,1996,F
554024412,1986,F
554024420,1992,F
554024439,2003,M
554024447,1972,M
554024455,2000,M
554024463,1998,M
554024471,1998,F
554024480,1992,M
554024498,2003,M
554024501,2006,M
554024510,2013,M
554024528,1989,M
554024536,1996,F
554024544,1986,F
554024552,1988,F
554024560,2011,M
554024579,2000,F
554024587,1986,F
554024595,1995,F
554024609,1998,M
554024617,1990,F
554024625,2007,M
554024633,1993,M
554024641,1994,M
554024650,2000,M
554024668,1998,M
554024676,1981,M
554024684,1999,M
554024692,1996,M
554024706,2007,F
554024714,2000,F
554024722,1985,M
554024730,1981,M
554024749,2006,F
554024757,2012,M
554024765,2013,M
554024773,2013,M
554024781,2013,M
554024790,2013,M
554024803,2013,M
554024811,2013,M
554024820,2010,M
554024838,2011,M
554024846,2011,M
554024854,2011,M
554024862,2008,M
554024870,2011,M
554024889,2012,M
554024897,2009,F
554024900,2008,F
554024919,2005,F
554024927,2010,M
554024935,2008,M
554024943,2009,M
554024951,2009,M
554024960,2010,F
554024978,2011,F
554024986,2012,F
554024994,2011,F
554025001,2010,F
554025010,2010,M
554025028,2011,M
554025036,2011,M
554025044,2011,M
554025052,2018,M
554025060,2010,M
554025079,2011,M
554025087,2010,M
554025095,2011,M
554025109,2010,M
554025117,2013,M
554025125,2010,M
554025133,2011,M
554025141,2010,M
554025150,2011,M
554025168,2012,M
554025176,2012,M
554025184,2010,M
554025192,2012,M
554025206,2011,M
554025214,2010,M
554025222,2011,M
554025230,2011,M
554025249,2011,M
554025257,2010,M
554025265,2012,M
554025273,2010,M
554025281,2013,F
554025290,2013,F
554025303,2013,F
554025311,2012,F
554025320,2012,M
554025338,2013,F
554025346,2012,F
554025354,2014,F
554025362,2012,F
554025370,2012,F
554025389,2013,F
554025397,2012,M
554025400,2012,M
554025419,2013,M
554025427,2012,M
554025435,2013,M
554025443,2013,M
554025451,2014,M
554025460,2012,M
554025478,2012,M
554025486,2012,M
554025494,2012,M
554025508,2012,M
554025516,2013,M
554025524,2011,M
554025532,2017,M
554025540,2012,M
554025559,2013,M
554025567,2013,M
554025575,2013,M
554025583,2013,M
554025591,2012,M
554025605,2000,M
554025613,2002,M
554025621,2008,M
554025630,2000,M
554025648,2003,F
554025656,2005,F
554025664,1996,M
554025672,2009,M
554025680,2006,M
554025699,2007,M
554025702,2006,M
554025710,2015,F
554025729,2017,M
554025737,2002,M
554025745,2001,M
554025753,2003,M
554025761,2002,M
554025770,2017,M
554025788,2017,M
554025796,2016,F
554025800,2017,F
554025818,2017,M
554025826,2016,M
554025834,2011,F
554025842,2012,M
554025850,2013,M
554025869,2012,M
554025877,2013,F
554025885,2011,M
554025893,2010,M
554025907,2013,M
554025915,2013,F
554025923,2008,F
554025931,2009,M
554025940,2008,M
554025958,2009,M
554025966,2006,M
554025974,2005,M
554025982,2010,M
554025990,2003,F
554026008,2009,F
554026016,2008,F
554026024,2016,F
554026032,2015,F
554026040,2016,F
554026059,2013,F
554026067,2016,F
554026075,2014,F
554026083,2014,F
554026091,2016,F
554026105,2014,F
554026113,2015,F
554026121,2013,F
554026130,2016,F
554026148,2013,F
554026156,2009,F
554026164,2013,M
554026172,2012,M
554026180,2013,F
554026199,2014,F
554026202,2005,F
554026210,1990,M
554026229,1980,M
554026237,1989,M
554026245,1991,M
554026253,2014,M
554026261,1998,M
554026270,2004,M
554026288,1996,M
554026296,2003,M
554026300,2002,F
554026318,1990,M
554026326,2001,M
554026334,1989,M
554026342,1996,F
554026350,1988,M
554026369,1992,F
554026377,1995,M
554026385,1986,F
554026393,2001,M
554026407,2000,M
554026415,1998,M
554026423,2003,M
554026431,2002,M
554026440,1983,F
554026458,2000,M
554026466,1988,M
554026474,2001,F
554026482,2002,F
554026490,1999,M
554026504,1999,M
554026512,2004,M
554026520,1996,M
554026539,2001,M
554026547,2002,M
554026555,2008,M
554026563,2005,F
554026571,1994,F
554026580,1991,M
554026598,2010,M
554026601,2004,M
554026610,2006,M
554026628,1969,M
554026636,1998,M
554026644,1999,M
554026652,2003,M
554026660,1993,M
554026679,2017,M
554026687,2017,M
554026695,1994,M
554026709,2013,M
554026717,2004,M
554026725,2011,M
554026733,2000,M
554026741,1998,M
554026750,1983,M
554026768,2004,M
554026776,2006,F
554026784,1997,M
554026792,2003,M
554026806,2006,M
554026814,2006,M
554026822,2000,F
554026830,2005,M
554026849,1999,F
554026857,2006,M
554026865,1987,F
554026873,2017,M
554026881,2019,F
554026890,2013,M
554026903,2021,F
554026911,2017,M
554026920,2018,M
554026938,2018,M
554026946,2012,F
554026954,2017,M
554026962,2000,M
554026970,2009,F
554026989,2001,M
554026997,2002,M
554027004,2016,M
554027012,2016,F
554027020,1997,M
554027039,2001,M
554027047,2016,M
554027055,2012,F
554027063,2002,F
554027071,1969,M
554027080,2001,M
554027098,2007,M
554027101,2008,M
554027110,2008,M
554027128,1971,M
554027136,1967,M
554027144,1975,M
554027152,1975,M
554027160,1972,M
554027179,1995,F
554027187,1989,F
554027195,1974,M
554027209,1993,M
554027217,1985,M
554027225,1986,M
554027233,1996,M
554027241,1998,F
554027250,1985,M
554027268,2009,F
554027276,2005,M
554027284,2006,F
554027292,2014,M
554027306,2017,M
554027314,2000,M
554027322,2007,F
554027330,2011,M
554027349,2013,M
554027357,2011,M
554027365,2012,M
554027373,1992,F
554027381,1997,F
554027390,2005,F
554027403,1999,F
554027411,2000,M
554027420,1996,M
554027438,2004,M
554027446,2003,M
554027454,1995,M
554027462,2002,M
554027470,1998,M
554027489,2006,F
554027497,2006,F
554027500,2002,M
554027519,2011,F
554027527,2004,F
554027535,2008,M
554027543,2008,F
554027551,2010,F
554027560,2010,F
554027578,2009,F
554027586,2010,F
554027594,2008,F
554027608,2011,F
554027616,2010,F
554027624,2009,F
554027632,2009,F
554027640,2009,F
554027659,2009,F
554027667,2008,F
554027675,1982,F
554027683,2005,F
554027691,2018,M
554027705,2017,M
554027713,2016,M
554027721,2018,M
554027730,2020,M
554027748,2015,M
554027756,2015,M
554027764,2019,M
554027772,2016,M
554027780,2001,F
554027799,2015,M
554027802,2011,M
554027810,2021,M
554027829,1981,M
554027837,2007,M
554027845,1989,M
554027853,2007,M
554027861,2006,F
554027870,1976,M
554027888,1976,F
554027896,1990,M
554027900,1967,F
554027918,1988,M
554027926,1995,M
554027934,2007,M
554027942,1999,M
554027950,2009,M
554027969,2010,M
554027977,2016,M
554027985,2009,M
554027993,2017,M
554028000,2010,M
554028019,2019,M
554028027,2019,M
554028035,2019,M
554028043,2016,M
554028051,2020,M
554028060,2019,F
554028078,2020,M
554028086,2019,M
554028094,1982,M
554028108,2018,M
554028116,2001,M
554028124,1999,M
554028132,1969,M
554028140,1969,M
554028159,2006,F
554028167,1992,M
554028175,1997,M
554028183,2009,M
554028191,2008,M
554028205,2010,M
554028213,2001,M
554028221,2002,F
554028230,2000,M
554028248,1983,M
554028256,2001,M
554028264,2007,F
554028272,2012,M
554028280,2010,M
554028299,2010,M
554028302,2009,M
554028310,2017,M
554028329,2003,M
554028337,1997,M
554028345,1981,F
554028353,2000,M
554028361,2005,M
554028370,2014,M
554028388,2012,M
554028396,1998,M
554028400,2017,M
554028418,2016,M
554028426,2012,M
554028434,2019,M
554028442,2016,M
554028450,1996,M
554028469,1999,M
554028477,1992,F
554028485,1998,M
554028493,2000,M
554028507,2002,M
554028515,2005,F
554028523,2005,M
554028531,2007,M
554028540,2008,M
554028558,2008,M
554028566,2010,M
554028574,2010,M
554028582,2010,M
554028590,2011,M
554028604,2012,M
554028612,2013,M
554028620,2015,M
554028639,2018,M
554028647,2009,M
554028655,1998,F
554028663,1995,M
554028671,1984,M
554028680,1973,M
554028698,1981,M
554028701,1982,M
554028710,2018,M
554028728,2016,M
554028736,2019,M
554028744,2018,M
554028752,2014,M
554028760,2018,M
554028779,2014,M
554028787,1995,M
554028795,1985,M
554028809,1991,M
554028817,1997,F
554028825,1991,M
554028833,1969,M
554028841,1993,M
554028850,2001,F
554028868,2013,M
554028876,2012,M
554028884,2014,F
554028892,2012,M
554028906,2009,M
554028914,2010,M
554028922,2015,M
554028930,2018,F
554028949,2018,M
554028957,1976,M
554028965,2003,M
554028973,2008,M
554028981,2008,M
554028990,2008,M
554029007,2015,M
554029015,2017,M
554029023,2002,M
554029031,2016,M
554029040,2003,M
554029058,2003,M
554029066,2003,M
554029074,2001,M
554029082,2016,M
554029090,2004,M
554029104,2017,M
554029112,2001,M
554029120,2001,F
554029139,1993,F
554029147,2005,M
554029155,2015,M
554029163,2002,M
554029171,2002,F
554029180,2017,M
554029198,1995,M
554029201,1997,M
554029210,1996,M
554029228,2010,M
554029236,2013,M
554029244,2018,M
554029252,2018,M
554029260,2019,F
554029279,2018,M
554029287,2006,M
554029295,1999,M
554029309,1999,M
554029317,1993,M
554029325,1997,M
554029333,2001,M
554029341,2004,M
554029350,1984,M
554029368,1984,M
554029376,2007,M
554029384,1994,M
554029392,1968,M
554029406,1985,M
554029414,1968,M
554029422,1999,M
554029430,1989,M
554029449,1988,M
554029457,1999,M
554029465,1984,M
554029473,1995,M
554029481,1997,M
554029490,2007,M
554029503,2008,M
554029511,1992,M
554029520,1980,M
554029538,1993,M
554029546,1996,M
554029554,2005,M
554029562,2003,M
554029570,1978,M
554029589,2004,M
554029597,2006,M
554029600,1996,M
554029619,1990,M
554029627,1984,M
554029635,2001,M
554029643,2006,M
554029651,1970,M
554029660,1988,M
554029678,1989,M
554029686,2002,M
554029694,1995,M
554029708,1999,M
554029716,2002,F
554029724,2005,F
554029732,2017,F
554029740,2006,F
554029759,1997,F
554029767,2010,F
554029775,2012,M
554029783,2013,F
554029791,2013,F
554029805,2012,M
554029813,2016,F
554029821,2017,M
554029830,2020,M
554029848,2011,F
554029856,2014,F
554029864,2001,M
554029872,2014,M
554029880,1993,F
554029899,1998,M
554029902,2000,F
554029910,1987,M
554029929,1999,M
554029937,2004,F
554029945,2005,F
554029953,1986,F
554029961,2012,M
554029970,1985,M
554029988,1999,F
554029996,1995,M
554030005,2019,F
554030013,2017,F
554030021,2018,M
554030030,2012,M
554030048,2016,M
554030056,2009,M
554030064,2016,M
554030072,2016,M
554030080,2019,F
554030099,2017,M
554030102,2014,F
554030110,2018,F
554030129,2017,M
554030137,2019,M
554030145,2018,M
554030153,2015,F
554030161,2011,M
554030170,2014,M
554030188,2020,M
554030196,2014,M
554030200,2013,F
554030218,2019,F
554030226,2014,F
554030234,2013,F
554030242,2017,M
554030250,2012,M
554030269,2014,M
554030277,2014,M
554030285,2014,M
554030293,2012,F
554030307,2016,M
554030315,2012,M
554030323,2012,F
554030331,2016,F
554030340,2016,M
554030358,2015,M
554030366,2015,M
554030374,2015,F
554030382,2014,F
554030390,2017,M
554030404,2018,M
554030412,2017,M
554030420,2018,F
554030439,2015,M
554030447,2019,M
554030455,2012,F
554030463,2006,M
554030471,1996,M
554030480,2005,M
554030498,2007,M
554030501,1990,M
554030510,2018,F
554030528,2017,F
554030536,2012,M
554030544,2015,F
554030552,1999,M
554030560,2017,F
554030579,1992,M
554030587,2019,M
554030595,2015,M
554030609,2015,M
554030617,2016,M
554030625,1990,M
554030633,2013,M
554030641,2011,M
554030650,2010,M
554030668,2012,F
554030676,2005,M
554030684,1975,M
554030692,1988,M
554030706,2000,M
